Полное ФИО;Серия Номер;Пункт Отправления;Пункт Назначения;Время Отправления;Время Прибытия;Номер Поезда;Вагон-Место;Цена;Карта
Коновалова Карина Валентиновна;6934_111807;Краснодар;Ростов-на-Дону;2014-11-17T09:42;2014-11-17T15:06;599;12_22;558;4817533120784807_
Гусев Артур Тимурович;6336_383894;Москва;Воронеж;2020-12-31T05:00;2020-12-31T15:48;591;2_31;662;2207045823037345_
Колесникова Радмила Прокофьевна;3056_454712;Тюмень;Москва;2032-02-01T03:45;2032-02-02T02:35;354;10_3;746;4300484808054826_
Филиппов Прокофий Назарович;6216_786168;Рузаевка;Москва;2034-06-02T22:36;2034-06-03T15:50;132;13_24;686;5469087806364875_
Колесников Евграф Егорович;5257_279149;Сочи;Самара;2050-08-27T10:51;2050-08-28T21:39;630;2_5;562;5334685180130422_
Янчук Элла Вадимовна;8976_793166;Ростов-на-Дону;Адлер;2085-09-02T23:45;2085-09-03T12:00;471;1_6;522;5334420267764463_
Мишин Эрнест Лаврентьевич;4367_644555;Мурманск;Краснодар;2033-10-21T10:40;2033-10-23T13:56;209;5_1;12311;4817830102812547_
Романов Захар Дмитриевич;6042_606400;Нижний Новгород;Саратов;2058-02-15T11:45;2058-02-16T14:15;325;4_1;6605;5469808233471062_
Ушаков Виталий Климович;3402_588315;Череповец;Тихвин;2017-07-10T11:50;2017-07-10T15:10;150;5_33;514;5400528253060504_
Кравцов Владлен Прокофьевич;4473_969706;Краснодар;Адлер;2014-01-07T06:00;2014-01-07T11:03;731;7_46;590;4000670608620034_
Афанасьева Кира Викторовна;7030_768398;Горячий Ключ;Краснодар;2014-03-16T21:04;2014-03-16T23:06;649;1_47;508;5469022356120201_
Шмелёва Ангелина Владленовна;3892_632287;Волховстрой;Москва;2015-04-21T11:34;2015-04-21T18:10;18;31_7;717;4567440534013453_
Андреев Адам Иванович;8981_740904;Санкт-Петербург;Инта;2031-12-07T00:30;2031-12-08T16:30;41;11_29;932;4567113681258724_
Поляков Давид Павлович;9690_331769;Екатеринбург;Нижний Новгород;2015-02-25T06:26;2015-02-26T04:52;403;1_11;540;5400652010817030_
Зимина Надежда Елисеевна;2566_894257;Луга;Санкт-Петербург;2014-10-08T20:49;2014-10-08T22:51;604;5_56;506;4100302078748624_
Зайцева Павла Богдановна;3910_362220;Санкт-Петербург;Новороссийск;2044-06-19T14:00;2044-06-21T10:00;323;4_64;632;2200160703303725_
Калашников Илья Павлович;1167_147032;Сочи;Самара;2056-09-15T18:28;2056-09-17T01:20;182;2_40;629;2200342678128518_
Захарова Юнона Борисовна;7669_698005;Краснодар;Сочи;2047-11-19T02:35;2047-11-19T08:52;87;5_20;518;4817850775326565_
Быкова Юнона Давидовна;2544_924873;Сухиничи;Калуга;2013-08-30T22:22;2013-08-31T00:24;188;20_9;558;5100154324850737_
Емельянова Ясмина Эрнестовна;8416_222539;Крымская;Краснодар;2019-01-07T14:57;2019-01-07T20:09;298;8_4;521;5100274125150288_
Виноградов Тимофей Емельянович;6839_191324;Рязань;Москва;2013-05-19T12:19;2013-05-19T18:01;658;26_18;664;2207327316774334_
Колесникова Дария Германовна;7246_421150;Санкт-Петербург;Волгоград;2024-07-07T15:35;2024-07-08T23:39;47;20_5;1558;2202530732187646_
Боброва Виктория Климовна;8806_786600;Анапа;Волгоград;2034-11-20T08:30;2034-11-21T00:30;174;27_10;980;5469254361707112_
Никитина Варвара Кирилловна;5738_770525;Краснодар;Новороссийск;2064-01-11T17:35;2064-01-12T04:36;531;2_12;546;2202231687381366_
Тихомирова Кира Андреевна;5984_772896;Самара;Волгоград;2029-04-26T10:04;2029-04-27T03:48;363;16_29;691;5486010333336863_
Калашников Матвей Маркович;1108_569682;Рязань;Москва;2015-07-30T07:55;2015-07-30T12:45;100;10_14;517;4567486103357215_
Якушева Фёкла Назаровна;3096_555126;Саранск;Казань;2043-01-29T10:18;2043-01-29T20:30;460;26_3;836;5500436430342410_
Баранова Нинель Аркадьевна;7682_754332;Краснодар;Крымская;2023-11-15T20:02;2023-11-16T02:04;537;2_6;510;4567314815263151_
Осипова Ника Владимировна;4373_269144;Екатеринбург;Казань;2024-04-13T00:26;2024-04-13T11:03;86;8_32;544;4100845848115636_
Янчук Арина Ильинична;2632_778378;Нижний Новгород;Шахунья;2018-03-03T06:00;2018-03-03T09:20;605;4_51;514;4100357215558353_
Фролова Октябрина Альбертовна;3929_202170;Иркутск;Улан-Удэ;2019-12-15T07:56;2019-12-15T20:49;81;6_35;554;5486834240388506_
Степанов Елисей Алексеевич;6388_200554;Воронеж;Рязань;2027-03-24T04:49;2027-03-24T09:50;122;1_7;575;2202614111761085_
Тарасова Элла Руслановна;5914_899401;Краснодар;Анапа;2024-04-11T08:15;2024-04-11T13:15;241;3_1;1652;5500603408472662_
Маслова Кристина Евграфовна;2304_452359;Краснодар;Москва;2019-10-24T01:19;2019-10-25T00:35;224;29_12;1198;2207116332631632_
Яковлев Олег Юрьевич;4650_186742;Москва;Санкт-Петербург;2056-01-26T10:43;2056-01-26T21:20;548;4_18;531;2200232870315718_
Яшина Роза Викторовна;9461_597741;Ростов-на-Дону;Краснодар;2039-11-28T08:15;2039-11-28T16:40;659;5_1;2439;5500170143113713_
Краснов Лука Евгеньевич;5090_099357;Вологда;Череповец;2044-04-04T11:45;2044-04-04T20:15;282;7_46;530;5100465546888330_
Гаврилов Юрий Эмильевич;1346_681146;Тюмень;Москва;2029-06-16T03:45;2029-06-17T02:35;354;30_1;1157;5200437431878005_
Дмитриев Тарас Дмитриевич;7627_658090;Мин. Воды;Пятигорск;2055-05-14T00:10;2055-05-14T08:20;445;13_43;529;5469463724645204_
Ушаков Виталий Арсеньевич;3611_407154;Омск;Екатеринбург;2043-07-02T16:20;2043-07-03T15:10;354;2_42;842;5500216011784130_
Ефремов Ефим Назарович;4468_633784;Жмеринка;Орша;2035-06-24T16:15;2035-06-24T21:15;338;3_50;515;4276527483641275_
Якушева Ася Юрьевна;5654_695265;Екатеринбург;Самара;2054-04-19T20:00;2054-04-20T14:22;573;25_15;1028;2202325773346634_
Куликов Виктор Иванович;9570_768469;Анапа;Краснодар;2024-02-11T15:00;2024-02-11T19:48;204;2_12;508;5400683620451321_
Некрасов Пётр Антонович;7383_570405;Воронеж;Краснодар;2022-02-26T23:06;2022-02-27T08:42;177;10_60;534;5100061400888412_
Орлова Варвара Анатольевна;5300_770567;Сочи;Казань;2018-02-11T06:05;2018-02-12T17:25;486;6_1;648;2204735780817547_
Ефимов Никита Назарович;7331_917505;Шуя;Иваново;2014-06-27T16:02;2014-06-27T17:03;725;4_52;527;5486723765873875_
Котова Ангелина Елистратовна;3582_280600;Екатеринбург;Красноярск;2077-11-20T22:43;2077-11-22T04:27;237;3_1;7350;2200003205776256_
Козлова Октябрина Витальевна;2352_971982;Канаш;Казань;2036-06-08T04:44;2036-06-08T10:20;133;1_29;523;2200180653403752_
Осипова Радмила Александровна;3921_410911;Краснодар;Москва;2017-08-19T00:31;2017-08-20T00:35;288;4_54;586;5500861344471582_
Мельникова Анастасия Эльдаровна;5643_591524;Москва;Тверь;2013-01-26T18:20;2013-01-26T19:21;709;16_17;518;5100835483658526_
Гусева Татьяна Тарасовна;0901_959940;Орск;Екатеринбург;2024-08-18T01:00;2024-08-18T21:15;634;1_15;536;5200755400838703_
Селиванова Инна Игнатьевна;3546_151177;Волгоград;Новосибирск;2021-12-12T09:00;2021-12-14T14:00;518;15_32;1072;4276525313387322_
Савельев Семён Еремеевич;7569_756638;Кунгур;Пермь;2015-06-18T19:49;2015-06-18T21:51;636;36_8;563;4000731310721376_
Кузнецова Ульяна Игнатьевна;6602_522517;Ростов-на-Дону;Новороссийск;2024-09-05T11:09;2024-09-06T13:35;225;28_4;1261;4300123675342560_
Савельева Ирина Назаровна;1813_684217;Бишкек;Рязань;2058-08-22T08:00;2058-08-24T20:50;56;3_25;755;4100871654876410_
Давыдова Диана Федоровна;7999_859420;Екатеринбург;Челябинск;2013-01-09T17:00;2013-01-09T20:02;769;14_2;2609;2202322708861635_
Иванова Белла Эмильевна;9886_162595;Владикавказ;Прохладная;2017-08-14T13:30;2017-08-14T21:00;268;2_5;513;4817365317613830_
Фёдорова Нинель Климовна;1027_912961;Самара;Уфа;2014-10-20T05:54;2014-10-20T14:55;206;5_21;537;5400421728332358_
Афанасьева Наталья Никитична;4687_326114;Омск;Новосибирск;2029-09-26T12:54;2029-09-27T01:21;522;15_9;873;2204036720002148_
Боброва Яна Климентовна;2465_066236;Владикавказ;Краснодар;2034-12-17T16:15;2034-12-18T12:15;692;1_1;536;4817373056644747_
Соловьев Всеволод Арсеньевич;3893_597258;Саратов;Новороссийск;2034-01-05T19:26;2034-01-07T05:05;503;20_5;863;5469038411772213_
Краснов Семён Дмитриевич;1447_172111;Керчь;Симферополь;2029-12-02T05:00;2029-12-02T11:25;279;4_74;523;5334580480283665_
Сидорова Клавдия Прокофьевна;3400_837920;Дзержинск;Нижний Новгород;2017-12-07T18:28;2017-12-07T19:59;9;2_53;522;5500146764412144_
Комаров Богдан Александрович;9962_124346;Тверь;Лодейное Поле;2014-05-11T16:01;2014-05-12T00:03;665;1_16;514;5469676702288572_
Ефремова Устинья Руслановна;4437_736121;Волгоград;Ростов-на-Дону;2065-03-13T06:38;2065-03-13T14:55;327;6_3;524;2204234041722703_
Федоров Макар Климентович;8016_146401;Туапсе;Адлер;2019-08-26T18:34;2019-08-26T23:08;733;4_41;623;4000107151187044_
Журавлев Виктор Эмильевич;5042_419334;Саратов;Камышин;2050-05-14T11:10;2050-05-14T20:50;107;1_2;645;4567486544305682_
Мишина Мелания Станиславовна;4914_998330;Керчь;Симферополь;2018-05-05T01:19;2018-05-05T07:32;419;2_8;511;4300201550423050_
Соболева Виталина Глебовна;9577_350593;Бологое;Санкт-Петербург;2013-12-21T02:54;2013-12-21T06:58;5;32_17;617;5400232476778540_
Семёнова Елена Тимофеевна;3312_134182;Краснодар;Адлер;2016-10-28T06:00;2016-10-28T11:03;731;5_35;636;5400277055855758_
Виноградова Софья Арсеньевна;4241_279862;Новороссийск;Казань;2015-03-21T09:10;2015-03-23T04:15;170;4_49;629;5100640472017330_
Гаврилова Любовь Федоровна;6585_585053;Москва;Санкт-Петербург;2014-02-16T23:15;2014-02-17T02:55;764;1_3;720;4000515753024713_
Киселев Еремей Оскарович;0211_345611;Новороссийск;Анапа;2022-11-10T18:22;2022-11-10T23:10;165;2_21;572;2207155663877053_
Михайлов Прохор Никитич;4643_550591;Рузаевка;Саранск;2015-03-07T19:14;2015-03-07T21:36;753;11_25;585;5334211833426686_
Семенов Антон Архипович;7740_578763;Владикавказ;Москва;2020-02-28T10:25;2020-03-01T18:30;430;10_29;615;4276151853110374_
Новикова Арина Прохоровна;1779_770178;Рязань;Москва;2033-06-14T10:12;2033-06-14T15:00;204;19_10;644;2207012460016752_
Белов Семён Витальевич;8154_122067;Крымская;Краснодар;2014-11-10T10:46;2014-11-10T12:17;766;1_19;581;5200872662448256_
Иванов Вячеслав Русланович;7308_621324;Староминская;Ростов-на-Дону;2015-12-31T15:24;2015-12-31T18:06;689;31_3;577;2207183631253064_
Осипов Ярослав Макарович;7888_385608;Ростов-на-Дону;Пенза;2035-07-17T14:17;2035-07-17T23:18;462;8_19;597;4276234824700760_
Гусев Иван Казимирович;6994_367530;Мин. Воды;Москва;2015-01-10T03:22;2015-01-11T00:06;408;4_35;562;4817432881050237_
Романов Семён Павлович;4193_143234;Воронеж;Москва (Курский);2025-08-26T02:00;2025-08-26T08:17;36;19_5;680;5486365606003726_
Ситников Назар Артурович;4289_918562;Воронеж;Рязань;2020-04-11T10:18;2020-04-11T14:54;58;6_7;513;4300705427870316_
Пономарёва Эмилия Давидовна;3380_618454;Воронеж;Ростов-на-Дону;2032-10-08T15:50;2032-10-08T20:30;99;10_17;550;5500208754606340_
Комарова Римма Степановна;7459_172724;Пенза;Ростов-на-Дону;2035-02-09T05:00;2035-02-09T20:00;157;22_15;932;5400388280660041_
Маслова Екатерина Макаровна;3421_150359;Ростов-на-Дону;Нижний Новгород;2016-09-25T14:17;2016-09-27T02:21;462;4_38;608;4100486875323288_
Колесников Станислав Кристоферович;5966_864589;Рязань;Москва;2033-10-16T20:19;2033-10-17T02:20;542;1_51;590;4300546624261421_
Соколов Аркадий Аполлонович;0307_007875;Ростов-на-Дону;Сочи;2020-04-01T03:00;2020-04-01T12:40;543;4_45;534;4817423520501423_
Афанасьева Анна Тимуровна;6806_984185;Москва;Краснодар;2019-02-14T05:00;2019-02-15T02:36;591;32_1;1173;5100376467876460_
Зайцев Климент Антонович;0923_832784;Сочи;Ростов-на-Дону;2115-08-27T05:02;2115-08-27T18:49;508;3_1;3675;5100220664835172_
Комарова Диана Степановна;8882_876796;Волгоград;Новороссийск;2043-04-13T23:05;2043-04-14T16:45;325;17_2;1030;2207546411383107_
Колесников Клим Кристоферович;1480_162987;Москва;Староминская;2021-04-02T14:30;2021-04-03T12:54;515;21_10;741;2207781136012256_
Егоров Вадим Викторович;4225_055970;Москва;Ярославль;2014-07-10T20:30;2014-07-11T01:31;401;22_1;665;2204881545120514_
Ершов Роберт Кириллович;4259_746062;Имеретинский Курорт;Туапсе;2018-07-18T07:15;2018-07-18T13:45;476;1_49;597;5200186282088700_
Некрасова Изабелла Артуровна;2375_851183;Прохоровка;Белгород;2020-07-02T06:30;2020-07-02T08:30;73;24_17;557;5486700823354571_
Суханов Максим Степанович;3305_274866;Архангельск;Краснодар;2025-02-23T14:30;2025-02-26T00:00;479;2_23;1362;5500580044482765_
Баранов Мирон Савельевич;0740_029715;Краснодар;Ростов-на-Дону;2016-05-20T10:30;2016-05-20T15:30;284;25_6;656;5500765427328077_
Иванова Жанна Николаевна;6982_016406;Волгоград;Мичуринск;2025-02-28T17:30;2025-02-28T21:40;358;17_29;545;2202813843513432_
Макарова Снежана Климентовна;3825_579110;Прохладная (Местный Кавказский);Владикавказ;2025-09-03T11:00;2025-09-03T16:00;691;4_19;515;2202665602482581_
Маслова Арина Ярославовна;3909_651044;Ростов-на-Дону;Москва (Восточный);2044-05-22T04:51;2044-05-22T13:28;216;5_45;525;5400265330480676_
Семенов Лев Дамирович;4920_309529;Сары-Агач;Ташкент;2102-11-21T03:40;2102-11-21T23:40;331;4_1;5108;4100124283747223_
