algorithm,n,z,target,seed,elapsed_ms,operations,iterations,nodes_count,mismatch
Basic BFS,10,1,0,52,0.004700,5,5,2,no
TwoWays BFS,10,1,0,52,0.023300,49,49,2,no
LCA,10,1,0,52,0.017300,40,40,2,no
Binary Lifting,10,1,0,52,0.025100,73,73,2,no
Basic BFS,10,5,0,52,0.012000,28,28,0,no
TwoWays BFS,10,5,0,52,0.019600,49,49,0,no
LCA,10,5,0,52,0.013000,40,40,0,no
Binary Lifting,10,5,0,52,0.020100,73,73,0,no
Basic BFS,10,10,0,52,0.006600,28,28,0,no
TwoWays BFS,10,10,0,52,0.015900,49,49,0,no
LCA,10,10,0,52,0.009800,40,40,0,no
Binary Lifting,10,10,0,52,0.014200,73,73,0,no
Basic BFS,10,20,0,52,0.013600,28,28,0,no
TwoWays BFS,10,20,0,52,0.014200,49,49,0,no
LCA,10,20,0,52,0.009100,40,40,0,no
Binary Lifting,10,20,0,52,0.014100,73,73,0,no
Basic BFS,20,1,0,62,0.003100,5,5,2,no
TwoWays BFS,20,1,0,62,0.041700,159,159,2,no
LCA,20,1,0,62,0.016700,96,96,2,no
Binary Lifting,20,1,0,62,0.027200,167,167,2,no
Basic BFS,20,5,0,62,0.020900,57,57,1,no
TwoWays BFS,20,5,0,62,0.037500,159,159,1,no
LCA,20,5,0,62,0.015400,96,96,1,no
Binary Lifting,20,5,0,62,0.025100,167,167,1,no
Basic BFS,20,10,0,62,0.017900,58,58,0,no
TwoWays BFS,20,10,0,62,0.031800,159,159,0,no
LCA,20,10,0,62,0.014300,96,96,0,no
Binary Lifting,20,10,0,62,0.021400,167,167,0,no
Basic BFS,20,20,0,62,0.019200,58,58,0,no
TwoWays BFS,20,20,0,62,0.032000,159,159,0,no
LCA,20,20,0,62,0.014700,96,96,0,no
Binary Lifting,20,20,0,62,0.021900,167,167,0,no
Basic BFS,30,1,0,72,0.002400,5,5,2,no
TwoWays BFS,30,1,0,72,0.070900,462,462,2,no
LCA,30,1,0,72,0.019200,178,178,2,no
Binary Lifting,30,1,0,72,0.032400,257,257,2,no
Basic BFS,30,5,0,72,0.017100,62,62,5,no
TwoWays BFS,30,5,0,72,0.089600,462,462,5,no
LCA,30,5,0,72,0.025900,178,178,5,no
Binary Lifting,30,5,0,72,0.041300,257,257,5,no
Basic BFS,30,10,0,72,0.023100,88,88,0,no
TwoWays BFS,30,10,0,72,0.070000,462,462,0,no
LCA,30,10,0,72,0.020500,178,178,0,no
Binary Lifting,30,10,0,72,0.029900,257,257,0,no
Basic BFS,30,20,0,72,0.019800,88,88,0,no
TwoWays BFS,30,20,0,72,0.089200,462,462,0,no
LCA,30,20,0,72,0.026100,178,178,0,no
Binary Lifting,30,20,0,72,0.038500,257,257,0,no
Basic BFS,40,1,0,82,0.003100,5,5,2,no
TwoWays BFS,40,1,0,82,0.119900,644,644,2,no
LCA,40,1,0,82,0.031200,252,252,2,no
Binary Lifting,40,1,0,82,0.050800,386,386,2,no
Basic BFS,40,5,0,82,0.023000,77,77,11,no
TwoWays BFS,40,5,0,82,0.125500,644,644,11,no
LCA,40,5,0,82,0.033500,252,252,11,no
Binary Lifting,40,5,0,82,0.053400,386,386,11,no
Basic BFS,40,10,0,82,0.024900,118,118,0,no
TwoWays BFS,40,10,0,82,0.095100,644,644,0,no
LCA,40,10,0,82,0.027300,252,252,0,no
Binary Lifting,40,10,0,82,0.040700,386,386,0,no
Basic BFS,40,20,0,82,0.026300,118,118,0,no
TwoWays BFS,40,20,0,82,0.093800,644,644,0,no
LCA,40,20,0,82,0.026500,252,252,0,no
Binary Lifting,40,20,0,82,0.042100,386,386,0,no
Basic BFS,50,1,0,92,0.002400,5,5,2,no
TwoWays BFS,50,1,0,92,0.132500,982,982,2,no
LCA,50,1,0,92,0.031100,333,333,2,no
Binary Lifting,50,1,0,92,0.052200,482,482,2,no
Basic BFS,50,5,0,92,0.023800,93,93,10,no
TwoWays BFS,50,5,0,92,0.133900,982,982,10,no
LCA,50,5,0,92,0.033900,333,333,10,no
Binary Lifting,50,5,0,92,0.049700,482,482,10,no
Basic BFS,50,10,0,92,0.026600,147,147,1,no
TwoWays BFS,50,10,0,92,0.135100,982,982,1,no
LCA,50,10,0,92,0.032100,333,333,1,no
Binary Lifting,50,10,0,92,0.048000,482,482,1,no
Basic BFS,50,20,0,92,0.024400,148,148,0,no
TwoWays BFS,50,20,0,92,0.131800,982,982,0,no
LCA,50,20,0,92,0.032500,333,333,0,no
Binary Lifting,50,20,0,92,0.048600,482,482,0,no
Basic BFS,60,1,0,102,0.002400,5,5,2,no
TwoWays BFS,60,1,0,102,0.162900,1192,1192,2,no
LCA,60,1,0,102,0.037600,410,410,2,no
Binary Lifting,60,1,0,102,0.057700,582,582,2,no
Basic BFS,60,5,0,102,0.018100,103,103,12,no
TwoWays BFS,60,5,0,102,0.194100,1192,1192,12,no
LCA,60,5,0,102,0.046000,410,410,12,no
Binary Lifting,60,5,0,102,0.063600,582,582,12,no
Basic BFS,60,10,0,102,0.022300,178,178,0,no
TwoWays BFS,60,10,0,102,0.161200,1192,1192,0,no
LCA,60,10,0,102,0.037700,410,410,0,no
Binary Lifting,60,10,0,102,0.060900,582,582,0,no
Basic BFS,60,20,0,102,0.040900,178,178,0,no
TwoWays BFS,60,20,0,102,0.290100,1192,1192,0,no
LCA,60,20,0,102,0.092500,410,410,0,no
Binary Lifting,60,20,0,102,0.104500,582,582,0,no
Basic BFS,70,1,0,112,0.004600,5,5,2,no
TwoWays BFS,70,1,0,112,0.290300,1688,1688,2,no
LCA,70,1,0,112,0.057000,519,519,2,no
Binary Lifting,70,1,0,112,0.088800,759,759,2,no
Basic BFS,70,5,0,112,0.021500,91,91,12,no
TwoWays BFS,70,5,0,112,0.247200,1688,1688,12,no
LCA,70,5,0,112,0.068600,519,519,12,no
Binary Lifting,70,5,0,112,0.082600,759,759,12,no
Basic BFS,70,10,0,112,0.032500,207,207,1,no
TwoWays BFS,70,10,0,112,0.232900,1688,1688,1,no
LCA,70,10,0,112,0.062000,519,519,1,no
Binary Lifting,70,10,0,112,0.079300,759,759,1,no
Basic BFS,70,20,0,112,0.069000,208,208,0,no
TwoWays BFS,70,20,0,112,0.251600,1688,1688,0,no
LCA,70,20,0,112,0.087800,519,519,0,no
Binary Lifting,70,20,0,112,0.086700,759,759,0,no
Basic BFS,80,1,0,122,0.006000,5,5,2,no
TwoWays BFS,80,1,0,122,0.340800,2343,2343,2,no
LCA,80,1,0,122,0.063200,620,620,2,no
Binary Lifting,80,1,0,122,0.087900,870,870,2,no
Basic BFS,80,5,0,122,0.027800,90,90,13,no
TwoWays BFS,80,5,0,122,0.405000,2343,2343,13,no
LCA,80,5,0,122,0.088000,620,620,13,no
Binary Lifting,80,5,0,122,0.095900,870,870,13,no
Basic BFS,80,10,0,122,0.060700,230,230,5,no
TwoWays BFS,80,10,0,122,0.372400,2343,2343,5,no
LCA,80,10,0,122,0.082400,620,620,5,no
Binary Lifting,80,10,0,122,0.109900,870,870,5,no
Basic BFS,80,20,0,122,0.037000,238,238,0,no
TwoWays BFS,80,20,0,122,0.369100,2343,2343,0,no
LCA,80,20,0,122,0.078200,620,620,0,no
Binary Lifting,80,20,0,122,0.113200,870,870,0,no
Basic BFS,90,1,0,132,0.003400,5,5,2,no
TwoWays BFS,90,1,0,132,0.564300,3966,3966,2,no
LCA,90,1,0,132,0.083500,773,773,2,no
Binary Lifting,90,1,0,132,0.117600,982,982,2,no
Basic BFS,90,5,0,132,0.014100,92,92,11,no
TwoWays BFS,90,5,0,132,0.463900,3966,3966,11,no
LCA,90,5,0,132,0.072500,773,773,11,no
Binary Lifting,90,5,0,132,0.095800,982,982,11,no
Basic BFS,90,10,0,132,0.029900,231,231,10,no
TwoWays BFS,90,10,0,132,0.572400,3966,3966,10,no
LCA,90,10,0,132,0.086600,773,773,10,no
Binary Lifting,90,10,0,132,0.124000,982,982,10,no
Basic BFS,90,20,0,132,0.031500,268,268,0,no
TwoWays BFS,90,20,0,132,0.566200,3966,3966,0,no
LCA,90,20,0,132,0.084500,773,773,0,no
Binary Lifting,90,20,0,132,0.116500,982,982,0,no
Basic BFS,100,1,0,142,0.002500,5,5,2,no
TwoWays BFS,100,1,0,142,0.356000,2918,2918,2,no
LCA,100,1,0,142,0.068700,777,777,2,no
Binary Lifting,100,1,0,142,0.100000,1078,1078,2,no
Basic BFS,100,5,0,142,0.014100,121,121,18,no
TwoWays BFS,100,5,0,142,0.382000,2918,2918,18,no
LCA,100,5,0,142,0.094600,777,777,18,no
Binary Lifting,100,5,0,142,0.129500,1078,1078,18,no
Basic BFS,100,10,0,142,0.028100,294,294,4,no
TwoWays BFS,100,10,0,142,0.438900,2918,2918,4,no
LCA,100,10,0,142,0.088900,777,777,4,no
Binary Lifting,100,10,0,142,0.126900,1078,1078,4,no
Basic BFS,100,20,0,142,0.026500,298,298,0,no
TwoWays BFS,100,20,0,142,0.349900,2918,2918,0,no
LCA,100,20,0,142,0.069700,777,777,0,no
Binary Lifting,100,20,0,142,0.100000,1078,1078,0,no
Basic BFS,110,1,0,152,0.002500,5,5,2,no
TwoWays BFS,110,1,0,152,0.421600,3245,3245,2,no
LCA,110,1,0,152,0.089000,846,846,2,no
Binary Lifting,110,1,0,152,0.135100,1191,1191,2,no
Basic BFS,110,5,0,152,0.015600,133,133,21,no
TwoWays BFS,110,5,0,152,0.415300,3245,3245,21,no
LCA,110,5,0,152,0.097000,846,846,21,no
Binary Lifting,110,5,0,152,0.140800,1191,1191,21,no
Basic BFS,110,10,0,152,0.030100,324,324,4,no
TwoWays BFS,110,10,0,152,0.402800,3245,3245,4,no
LCA,110,10,0,152,0.096300,846,846,4,no
Binary Lifting,110,10,0,152,0.138500,1191,1191,4,no
Basic BFS,110,20,0,152,0.029500,328,328,0,no
TwoWays BFS,110,20,0,152,0.394400,3245,3245,0,no
LCA,110,20,0,152,0.076300,846,846,0,no
Binary Lifting,110,20,0,152,0.111600,1191,1191,0,no
Basic BFS,120,1,0,162,0.002400,5,5,2,no
TwoWays BFS,120,1,0,162,0.490700,4127,4127,2,no
LCA,120,1,0,162,0.085700,1015,1015,2,no
Binary Lifting,120,1,0,162,0.121600,1304,1304,2,no
Basic BFS,120,5,0,162,0.016000,108,108,16,no
TwoWays BFS,120,5,0,162,0.517400,4127,4127,16,no
LCA,120,5,0,162,0.088400,1015,1015,16,no
Binary Lifting,120,5,0,162,0.122800,1304,1304,16,no
Basic BFS,120,10,0,162,0.032200,339,339,7,no
TwoWays BFS,120,10,0,162,0.489300,4127,4127,7,no
LCA,120,10,0,162,0.089300,1015,1015,7,no
Binary Lifting,120,10,0,162,0.121400,1304,1304,7,no
Basic BFS,120,20,0,162,0.038900,358,358,0,no
TwoWays BFS,120,20,0,162,0.608300,4127,4127,0,no
LCA,120,20,0,162,0.107600,1015,1015,0,no
Binary Lifting,120,20,0,162,0.123500,1304,1304,0,no
Basic BFS,130,1,0,172,0.003100,5,5,2,no
TwoWays BFS,130,1,0,172,0.731200,4611,4611,2,no
LCA,130,1,0,172,0.133200,1112,1112,2,no
Binary Lifting,130,1,0,172,0.185600,1545,1545,2,no
Basic BFS,130,5,0,172,0.016700,111,111,16,no
TwoWays BFS,130,5,0,172,0.681700,4611,4611,16,no
LCA,130,5,0,172,0.096800,1112,1112,16,no
Binary Lifting,130,5,0,172,0.138100,1545,1545,16,no
Basic BFS,130,10,0,172,0.033000,356,356,5,no
TwoWays BFS,130,10,0,172,0.546300,4611,4611,5,no
LCA,130,10,0,172,0.095300,1112,1112,5,no
Binary Lifting,130,10,0,172,0.139200,1545,1545,5,no
Basic BFS,130,20,0,172,0.038600,388,388,0,no
TwoWays BFS,130,20,0,172,0.592100,4611,4611,0,no
LCA,130,20,0,172,0.105200,1112,1112,0,no
Binary Lifting,130,20,0,172,0.139200,1545,1545,0,no
Basic BFS,140,1,0,182,0.002700,5,5,2,no
TwoWays BFS,140,1,0,182,0.553400,4640,4640,2,no
LCA,140,1,0,182,0.102500,1167,1167,2,no
Binary Lifting,140,1,0,182,0.146600,1670,1670,2,no
Basic BFS,140,5,0,182,0.019500,135,135,22,no
TwoWays BFS,140,5,0,182,0.699300,4640,4640,22,no
LCA,140,5,0,182,0.127500,1167,1167,22,no
Binary Lifting,140,5,0,182,0.151200,1670,1670,22,no
Basic BFS,140,10,0,182,0.038100,394,394,9,no
TwoWays BFS,140,10,0,182,0.554400,4640,4640,9,no
LCA,140,10,0,182,0.104600,1167,1167,9,no
Binary Lifting,140,10,0,182,0.152000,1670,1670,9,no
Basic BFS,140,20,0,182,0.047500,418,418,0,no
TwoWays BFS,140,20,0,182,0.546800,4640,4640,0,no
LCA,140,20,0,182,0.102300,1167,1167,0,no
Binary Lifting,140,20,0,182,0.149500,1670,1670,0,no
Basic BFS,150,1,0,192,0.002700,5,5,2,no
TwoWays BFS,150,1,0,192,0.806000,6134,6134,2,no
LCA,150,1,0,192,0.135400,1358,1358,2,no
Binary Lifting,150,1,0,192,0.193700,1792,1792,2,no
Basic BFS,150,5,0,192,0.012700,95,95,14,no
TwoWays BFS,150,5,0,192,0.767600,6134,6134,14,no
LCA,150,5,0,192,0.114100,1358,1358,14,no
Binary Lifting,150,5,0,192,0.158800,1792,1792,14,no
Basic BFS,150,10,0,192,0.036100,402,402,16,no
TwoWays BFS,150,10,0,192,0.682600,6134,6134,16,no
LCA,150,10,0,192,0.111700,1358,1358,16,no
Binary Lifting,150,10,0,192,0.154700,1792,1792,16,no
Basic BFS,150,20,0,192,0.039800,448,448,0,no
TwoWays BFS,150,20,0,192,0.692300,6134,6134,0,no
LCA,150,20,0,192,0.120800,1358,1358,0,no
Binary Lifting,150,20,0,192,0.173500,1792,1792,0,no
Basic BFS,160,1,0,202,0.002600,5,5,2,no
TwoWays BFS,160,1,0,202,1.281200,8137,8137,2,no
LCA,160,1,0,202,0.179500,1555,1555,2,no
Binary Lifting,160,1,0,202,0.170000,1924,1924,2,no
Basic BFS,160,5,0,202,0.013900,111,111,16,no
TwoWays BFS,160,5,0,202,1.086200,8137,8137,16,no
LCA,160,5,0,202,0.178600,1555,1555,16,no
Binary Lifting,160,5,0,202,0.172700,1924,1924,16,no
Basic BFS,160,10,0,202,0.042700,356,356,20,no
TwoWays BFS,160,10,0,202,1.033100,8137,8137,20,no
LCA,160,10,0,202,0.128900,1555,1555,20,no
Binary Lifting,160,10,0,202,0.172200,1924,1924,20,no
Basic BFS,160,20,0,202,0.047300,478,478,0,no
TwoWays BFS,160,20,0,202,0.980200,8137,8137,0,no
LCA,160,20,0,202,0.122000,1555,1555,0,no
Binary Lifting,160,20,0,202,0.207400,1924,1924,0,no
Basic BFS,170,1,0,212,0.002500,5,5,2,no
TwoWays BFS,170,1,0,212,0.771600,6541,6541,2,no
LCA,170,1,0,212,0.126300,1482,1482,2,no
Binary Lifting,170,1,0,212,0.180300,2023,2023,2,no
Basic BFS,170,5,0,212,0.016000,133,133,21,no
TwoWays BFS,170,5,0,212,0.773800,6541,6541,21,no
LCA,170,5,0,212,0.125400,1482,1482,21,no
Binary Lifting,170,5,0,212,0.183500,2023,2023,21,no
Basic BFS,170,10,0,212,0.044900,473,473,8,no
TwoWays BFS,170,10,0,212,0.767400,6541,6541,8,no
LCA,170,10,0,212,0.137700,1482,1482,8,no
Binary Lifting,170,10,0,212,0.176700,2023,2023,8,no
Basic BFS,170,20,0,212,0.043200,508,508,0,no
TwoWays BFS,170,20,0,212,0.760900,6541,6541,0,no
LCA,170,20,0,212,0.121600,1482,1482,0,no
Binary Lifting,170,20,0,212,0.177100,2023,2023,0,no
Basic BFS,180,1,0,222,0.002600,5,5,2,no
TwoWays BFS,180,1,0,222,0.773700,6553,6553,2,no
LCA,180,1,0,222,0.129400,1548,1548,2,no
Binary Lifting,180,1,0,222,0.183100,2149,2149,2,no
Basic BFS,180,5,0,222,0.016300,140,140,26,no
TwoWays BFS,180,5,0,222,0.777600,6553,6553,26,no
LCA,180,5,0,222,0.133500,1548,1548,26,no
Binary Lifting,180,5,0,222,0.190400,2149,2149,26,no
Basic BFS,180,10,0,222,0.044800,505,505,12,no
TwoWays BFS,180,10,0,222,0.769000,6553,6553,12,no
LCA,180,10,0,222,0.141400,1548,1548,12,no
Binary Lifting,180,10,0,222,0.202900,2149,2149,12,no
Basic BFS,180,20,0,222,0.045300,538,538,0,no
TwoWays BFS,180,20,0,222,0.767200,6553,6553,0,no
LCA,180,20,0,222,0.129900,1548,1548,0,no
Binary Lifting,180,20,0,222,0.184700,2149,2149,0,no
Basic BFS,190,1,0,232,0.002700,5,5,2,no
TwoWays BFS,190,1,0,232,0.855300,7275,7275,2,no
LCA,190,1,0,232,0.135400,1684,1684,2,no
Binary Lifting,190,1,0,232,0.199700,2262,2262,2,no
Basic BFS,190,5,0,232,0.014100,123,123,19,no
TwoWays BFS,190,5,0,232,0.848300,7275,7275,19,no
LCA,190,5,0,232,0.137900,1684,1684,19,no
Binary Lifting,190,5,0,232,0.197300,2262,2262,19,no
Basic BFS,190,10,0,232,0.056000,534,534,13,no
TwoWays BFS,190,10,0,232,1.036500,7275,7275,13,no
LCA,190,10,0,232,0.159400,1684,1684,13,no
Binary Lifting,190,10,0,232,0.214000,2262,2262,13,no
Basic BFS,190,20,0,232,0.046300,568,568,0,no
TwoWays BFS,190,20,0,232,0.831400,7275,7275,0,no
LCA,190,20,0,232,0.136500,1684,1684,0,no
Binary Lifting,190,20,0,232,0.195000,2262,2262,0,no
Basic BFS,200,1,0,242,0.002600,5,5,2,no
TwoWays BFS,200,1,0,242,1.296900,12131,12131,2,no
LCA,200,1,0,242,0.149000,2009,2009,2,no
Binary Lifting,200,1,0,242,0.204100,2414,2414,2,no
Basic BFS,200,5,0,242,0.014200,126,126,19,no
TwoWays BFS,200,5,0,242,1.325500,12131,12131,19,no
LCA,200,5,0,242,0.153900,2009,2009,19,no
Binary Lifting,200,5,0,242,0.206600,2414,2414,19,no
Basic BFS,200,10,0,242,0.038900,422,422,26,no
TwoWays BFS,200,10,0,242,1.314800,12131,12131,26,no
LCA,200,10,0,242,0.167300,2009,2009,26,no
Binary Lifting,200,10,0,242,0.225900,2414,2414,26,no
Basic BFS,200,20,0,242,0.049000,598,598,0,no
TwoWays BFS,200,20,0,242,1.297700,12131,12131,0,no
LCA,200,20,0,242,0.153100,2009,2009,0,no
Binary Lifting,200,20,0,242,0.202800,2414,2414,0,no
Basic BFS,210,1,0,252,0.003100,5,5,2,no
TwoWays BFS,210,1,0,252,1.182400,7880,7880,2,no
LCA,210,1,0,252,0.200400,1839,1839,2,no
Binary Lifting,210,1,0,252,0.229400,2513,2513,2,no
Basic BFS,210,5,0,252,0.015500,138,138,25,no
TwoWays BFS,210,5,0,252,0.903300,7880,7880,25,no
LCA,210,5,0,252,0.147100,1839,1839,25,no
Binary Lifting,210,5,0,252,0.215700,2513,2513,25,no
Basic BFS,210,10,0,252,0.048000,593,593,11,no
TwoWays BFS,210,10,0,252,0.901600,7880,7880,11,no
LCA,210,10,0,252,0.150000,1839,1839,11,no
Binary Lifting,210,10,0,252,0.220200,2513,2513,11,no
Basic BFS,210,20,0,252,0.062400,628,628,0,no
TwoWays BFS,210,20,0,252,0.885700,7880,7880,0,no
LCA,210,20,0,252,0.148300,1839,1839,0,no
Binary Lifting,210,20,0,252,0.213800,2513,2513,0,no
Basic BFS,220,1,0,262,0.002500,5,5,2,no
TwoWays BFS,220,1,0,262,1.276700,11640,11640,2,no
LCA,220,1,0,262,0.165900,2142,2142,2,no
Binary Lifting,220,1,0,262,0.231000,2648,2648,2,no
Basic BFS,220,5,0,262,0.014600,123,123,19,no
TwoWays BFS,220,5,0,262,1.278000,11640,11640,19,no
LCA,220,5,0,262,0.174700,2142,2142,19,no
Binary Lifting,220,5,0,262,0.225300,2648,2648,19,no
Basic BFS,220,10,0,262,0.048600,515,515,26,no
TwoWays BFS,220,10,0,262,1.271200,11640,11640,26,no
LCA,220,10,0,262,0.176500,2142,2142,26,no
Binary Lifting,220,10,0,262,0.228200,2648,2648,26,no
Basic BFS,220,20,0,262,0.054400,658,658,0,no
TwoWays BFS,220,20,0,262,1.282500,11640,11640,0,no
LCA,220,20,0,262,0.168300,2142,2142,0,no
Binary Lifting,220,20,0,262,0.230300,2648,2648,0,no
Basic BFS,230,1,0,272,0.002400,5,5,2,no
TwoWays BFS,230,1,0,272,1.388700,11769,11769,2,no
LCA,230,1,0,272,0.169000,2215,2215,2,no
Binary Lifting,230,1,0,272,0.240100,2772,2772,2,no
Basic BFS,230,5,0,272,0.013900,112,112,18,no
TwoWays BFS,230,5,0,272,1.493200,11769,11769,18,no
LCA,230,5,0,272,0.190800,2215,2215,18,no
Binary Lifting,230,5,0,272,0.238400,2772,2772,18,no
Basic BFS,230,10,0,272,0.060200,566,566,23,no
TwoWays BFS,230,10,0,272,1.597600,11769,11769,23,no
LCA,230,10,0,272,0.217300,2215,2215,23,no
Binary Lifting,230,10,0,272,0.296200,2772,2772,23,no
Basic BFS,230,20,0,272,0.055700,688,688,0,no
TwoWays BFS,230,20,0,272,1.278400,11769,11769,0,no
LCA,230,20,0,272,0.170700,2215,2215,0,no
Binary Lifting,230,20,0,272,0.233300,2772,2772,0,no
Basic BFS,240,1,0,282,0.002700,5,5,2,no
TwoWays BFS,240,1,0,282,2.125500,20523,20523,2,no
LCA,240,1,0,282,0.200000,2806,2806,2,no
Binary Lifting,240,1,0,282,0.262400,2937,2937,2,no
Basic BFS,240,5,0,282,0.012700,103,103,15,no
TwoWays BFS,240,5,0,282,2.162900,20523,20523,15,no
LCA,240,5,0,282,0.204500,2806,2806,15,no
Binary Lifting,240,5,0,282,0.250700,2937,2937,15,no
Basic BFS,240,10,0,282,0.035700,370,370,27,no
TwoWays BFS,240,10,0,282,2.161300,20523,20523,27,no
LCA,240,10,0,282,0.208100,2806,2806,27,no
Binary Lifting,240,10,0,282,0.256400,2937,2937,27,no
Basic BFS,240,20,0,282,0.060200,718,718,0,no
TwoWays BFS,240,20,0,282,2.113600,20523,20523,0,no
LCA,240,20,0,282,0.203800,2806,2806,0,no
Binary Lifting,240,20,0,282,0.250800,2937,2937,0,no
Basic BFS,250,1,0,292,0.002500,5,5,2,no
TwoWays BFS,250,1,0,292,1.275300,11309,11309,2,no
LCA,250,1,0,292,0.185000,2344,2344,2,no
Binary Lifting,250,1,0,292,0.252800,2986,2986,2,no
Basic BFS,250,5,0,292,0.030000,139,139,27,no
TwoWays BFS,250,5,0,292,1.257500,11309,11309,27,no
LCA,250,5,0,292,0.182000,2344,2344,27,no
Binary Lifting,250,5,0,292,0.252400,2986,2986,27,no
Basic BFS,250,10,0,292,0.087600,656,656,23,no
TwoWays BFS,250,10,0,292,1.532500,11309,11309,23,no
LCA,250,10,0,292,0.210000,2344,2344,23,no
Binary Lifting,250,10,0,292,0.254800,2986,2986,23,no
Basic BFS,250,20,0,292,0.069600,748,748,0,no
TwoWays BFS,250,20,0,292,1.521000,11309,11309,0,no
LCA,250,20,0,292,0.225500,2344,2344,0,no
Binary Lifting,250,20,0,292,0.314600,2986,2986,0,no
Basic BFS,260,1,0,302,0.002400,5,5,2,no
TwoWays BFS,260,1,0,302,1.205000,10840,10840,2,no
LCA,260,1,0,302,0.185200,2363,2363,2,no
Binary Lifting,260,1,0,302,0.278200,3376,3376,2,no
Basic BFS,260,5,0,302,0.022500,145,145,27,no
TwoWays BFS,260,5,0,302,1.392100,10840,10840,27,no
LCA,260,5,0,302,0.293400,2363,2363,27,no
Binary Lifting,260,5,0,302,0.384700,3376,3376,27,no
Basic BFS,260,10,0,302,0.077700,715,715,24,no
TwoWays BFS,260,10,0,302,1.348000,10840,10840,24,no
LCA,260,10,0,302,0.196500,2363,2363,24,no
Binary Lifting,260,10,0,302,0.284100,3376,3376,24,no
Basic BFS,260,20,0,302,0.080600,778,778,0,no
TwoWays BFS,260,20,0,302,1.202700,10840,10840,0,no
LCA,260,20,0,302,0.193000,2363,2363,0,no
Binary Lifting,260,20,0,302,0.280300,3376,3376,0,no
Basic BFS,270,1,0,312,0.002400,5,5,2,no
TwoWays BFS,270,1,0,312,1.342100,11812,11812,2,no
LCA,270,1,0,312,0.196200,2541,2541,2,no
Binary Lifting,270,1,0,312,0.292400,3502,3502,2,no
Basic BFS,270,5,0,312,0.030500,149,149,29,no
TwoWays BFS,270,5,0,312,1.384500,11812,11812,29,no
LCA,270,5,0,312,0.206500,2541,2541,29,no
Binary Lifting,270,5,0,312,0.295700,3502,3502,29,no
Basic BFS,270,10,0,312,0.070600,697,697,21,no
TwoWays BFS,270,10,0,312,1.341200,11812,11812,21,no
LCA,270,10,0,312,0.206900,2541,2541,21,no
Binary Lifting,270,10,0,312,0.304500,3502,3502,21,no
Basic BFS,270,20,0,312,0.078200,808,808,0,no
TwoWays BFS,270,20,0,312,1.343400,11812,11812,0,no
LCA,270,20,0,312,0.202600,2541,2541,0,no
Binary Lifting,270,20,0,312,0.294700,3502,3502,0,no
Basic BFS,280,1,0,322,0.002900,5,5,2,no
TwoWays BFS,280,1,0,322,2.025200,14607,14607,2,no
LCA,280,1,0,322,0.212500,2826,2826,2,no
Binary Lifting,280,1,0,322,0.309600,3647,3647,2,no
Basic BFS,280,5,0,322,0.021300,92,92,14,no
TwoWays BFS,280,5,0,322,1.588700,14607,14607,14,no
LCA,280,5,0,322,0.222500,2826,2826,14,no
Binary Lifting,280,5,0,322,0.309200,3647,3647,14,no
Basic BFS,280,10,0,322,0.070800,680,680,32,no
TwoWays BFS,280,10,0,322,1.596900,14607,14607,32,no
LCA,280,10,0,322,0.228300,2826,2826,32,no
Binary Lifting,280,10,0,322,0.306500,3647,3647,32,no
Basic BFS,280,20,0,322,0.093800,838,838,0,no
TwoWays BFS,280,20,0,322,1.909000,14607,14607,0,no
LCA,280,20,0,322,0.223900,2826,2826,0,no
Binary Lifting,280,20,0,322,0.305000,3647,3647,0,no
Basic BFS,290,1,0,332,0.002400,5,5,2,no
TwoWays BFS,290,1,0,332,1.970900,18587,18587,2,no
LCA,290,1,0,332,0.235200,3079,3079,2,no
Binary Lifting,290,1,0,332,0.319900,3793,3793,2,no
Basic BFS,290,5,0,332,0.029400,117,117,19,no
TwoWays BFS,290,5,0,332,2.389300,18587,18587,19,no
LCA,290,5,0,332,0.237700,3079,3079,19,no
Binary Lifting,290,5,0,332,0.312500,3793,3793,19,no
Basic BFS,290,10,0,332,0.067100,616,616,33,no
TwoWays BFS,290,10,0,332,1.963900,18587,18587,33,no
LCA,290,10,0,332,0.245900,3079,3079,33,no
Binary Lifting,290,10,0,332,0.321400,3793,3793,33,no
Basic BFS,290,20,0,332,0.088700,868,868,0,no
TwoWays BFS,290,20,0,332,2.007700,18587,18587,0,no
LCA,290,20,0,332,0.240700,3079,3079,0,no
Binary Lifting,290,20,0,332,0.324800,3793,3793,0,no
Basic BFS,300,1,0,342,0.003700,5,5,2,no
TwoWays BFS,300,1,0,342,1.737600,13696,13696,2,no
LCA,300,1,0,342,0.229300,2795,2795,2,no
Binary Lifting,300,1,0,342,0.343900,3896,3896,2,no
Basic BFS,300,5,0,342,0.028700,153,153,31,no
TwoWays BFS,300,5,0,342,1.552400,13696,13696,31,no
LCA,300,5,0,342,0.234800,2795,2795,31,no
Binary Lifting,300,5,0,342,0.333300,3896,3896,31,no
Basic BFS,300,10,0,342,0.072400,812,812,26,no
TwoWays BFS,300,10,0,342,1.536700,13696,13696,26,no
LCA,300,10,0,342,0.236600,2795,2795,26,no
Binary Lifting,300,10,0,342,0.334800,3896,3896,26,no
Basic BFS,300,20,0,342,0.084800,898,898,0,no
TwoWays BFS,300,20,0,342,1.527700,13696,13696,0,no
LCA,300,20,0,342,0.230600,2795,2795,0,no
Binary Lifting,300,20,0,342,0.329100,3896,3896,0,no
Basic BFS,310,1,0,352,0.003100,5,5,2,no
TwoWays BFS,310,1,0,352,2.023100,15669,15669,2,no
LCA,310,1,0,352,0.230200,2994,2994,2,no
Binary Lifting,310,1,0,352,0.359600,4022,4022,2,no
Basic BFS,310,5,0,352,0.029000,140,140,26,no
TwoWays BFS,310,5,0,352,1.728200,15669,15669,26,no
LCA,310,5,0,352,0.247800,2994,2994,26,no
Binary Lifting,310,5,0,352,0.338000,4022,4022,26,no
Basic BFS,310,10,0,352,0.091100,797,797,32,no
TwoWays BFS,310,10,0,352,2.030000,15669,15669,32,no
LCA,310,10,0,352,0.243200,2994,2994,32,no
Binary Lifting,310,10,0,352,0.336200,4022,4022,32,no
Basic BFS,310,20,0,352,0.100000,928,928,0,no
TwoWays BFS,310,20,0,352,2.372700,15669,15669,0,no
LCA,310,20,0,352,0.235300,2994,2994,0,no
Binary Lifting,310,20,0,352,0.331100,4022,4022,0,no
Basic BFS,320,1,0,362,0.002500,5,5,2,no
TwoWays BFS,320,1,0,362,2.178300,20516,20516,2,no
LCA,320,1,0,362,0.250000,3381,3381,2,no
Binary Lifting,320,1,0,362,0.357900,4179,4179,2,no
Basic BFS,320,5,0,362,0.028400,115,115,18,no
TwoWays BFS,320,5,0,362,2.204800,20516,20516,18,no
LCA,320,5,0,362,0.263200,3381,3381,18,no
Binary Lifting,320,5,0,362,0.351100,4179,4179,18,no
Basic BFS,320,10,0,362,0.071600,684,684,40,no
TwoWays BFS,320,10,0,362,2.240200,20516,20516,40,no
LCA,320,10,0,362,0.266200,3381,3381,40,no
Binary Lifting,320,10,0,362,0.359000,4179,4179,40,no
Basic BFS,320,20,0,362,0.161100,958,958,0,no
TwoWays BFS,320,20,0,362,2.500900,20516,20516,0,no
LCA,320,20,0,362,0.300200,3381,3381,0,no
Binary Lifting,320,20,0,362,0.373900,4179,4179,0,no
Basic BFS,330,1,0,372,0.007000,5,5,2,no
TwoWays BFS,330,1,0,372,2.362400,20160,20160,2,no
LCA,330,1,0,372,0.301000,3435,3435,2,no
Binary Lifting,330,1,0,372,0.445100,4328,4328,2,no
Basic BFS,330,5,0,372,0.031400,132,132,22,no
TwoWays BFS,330,5,0,372,3.164200,20160,20160,22,no
LCA,330,5,0,372,0.302000,3435,3435,22,no
Binary Lifting,330,5,0,372,0.385400,4328,4328,22,no
Basic BFS,330,10,0,372,0.094500,703,703,36,no
TwoWays BFS,330,10,0,372,2.345100,20160,20160,36,no
LCA,330,10,0,372,0.338100,3435,3435,36,no
Binary Lifting,330,10,0,372,0.406700,4328,4328,36,no
Basic BFS,330,20,0,372,0.130200,988,988,0,no
TwoWays BFS,330,20,0,372,2.249400,20160,20160,0,no
LCA,330,20,0,372,0.306300,3435,3435,0,no
Binary Lifting,330,20,0,372,0.383400,4328,4328,0,no
Basic BFS,340,1,0,382,0.003400,5,5,2,no
TwoWays BFS,340,1,0,382,2.362100,17988,17988,2,no
LCA,340,1,0,382,0.268300,3426,3426,2,no
Binary Lifting,340,1,0,382,0.385100,4424,4424,2,no
Basic BFS,340,5,0,382,0.019400,129,129,22,no
TwoWays BFS,340,5,0,382,2.352200,17988,17988,22,no
LCA,340,5,0,382,0.301200,3426,3426,22,no
Binary Lifting,340,5,0,382,0.391600,4424,4424,22,no
Basic BFS,340,10,0,382,0.084500,814,814,48,no
TwoWays BFS,340,10,0,382,2.132900,17988,17988,48,no
LCA,340,10,0,382,0.283000,3426,3426,48,no
Binary Lifting,340,10,0,382,0.391200,4424,4424,48,no
Basic BFS,340,20,0,382,0.091800,1018,1018,0,no
TwoWays BFS,340,20,0,382,2.330300,17988,17988,0,no
LCA,340,20,0,382,0.279100,3426,3426,0,no
Binary Lifting,340,20,0,382,0.382300,4424,4424,0,no
Basic BFS,350,1,0,392,0.003000,5,5,2,no
TwoWays BFS,350,1,0,392,2.564600,22242,22242,2,no
LCA,350,1,0,392,0.277800,3751,3751,2,no
Binary Lifting,350,1,0,392,0.388700,4581,4581,2,no
Basic BFS,350,5,0,392,0.015100,108,108,16,no
TwoWays BFS,350,5,0,392,2.605700,22242,22242,16,no
LCA,350,5,0,392,0.287600,3751,3751,16,no
Binary Lifting,350,5,0,392,0.449300,4581,4581,16,no
Basic BFS,350,10,0,392,0.084100,722,722,47,no
TwoWays BFS,350,10,0,392,2.697200,22242,22242,47,no
LCA,350,10,0,392,0.292500,3751,3751,47,no
Binary Lifting,350,10,0,392,0.394700,4581,4581,47,no
Basic BFS,350,20,0,392,0.102700,1048,1048,0,no
TwoWays BFS,350,20,0,392,2.612300,22242,22242,0,no
LCA,350,20,0,392,0.291300,3751,3751,0,no
Binary Lifting,350,20,0,392,0.388500,4581,4581,0,no
Basic BFS,360,1,0,402,0.003000,5,5,2,no
TwoWays BFS,360,1,0,402,2.728300,24806,24806,2,no
LCA,360,1,0,402,0.290600,3807,3807,2,no
Binary Lifting,360,1,0,402,0.412500,4728,4728,2,no
Basic BFS,360,5,0,402,0.030000,133,133,24,no
TwoWays BFS,360,5,0,402,2.670000,24806,24806,24,no
LCA,360,5,0,402,0.301300,3807,3807,24,no
Binary Lifting,360,5,0,402,0.409200,4728,4728,24,no
Basic BFS,360,10,0,402,0.077700,737,737,47,no
TwoWays BFS,360,10,0,402,2.662600,24806,24806,47,no
LCA,360,10,0,402,0.305000,3807,3807,47,no
Binary Lifting,360,10,0,402,0.414300,4728,4728,47,no
Basic BFS,360,20,0,402,0.106700,1078,1078,0,no
TwoWays BFS,360,20,0,402,2.661700,24806,24806,0,no
LCA,360,20,0,402,0.298400,3807,3807,0,no
Binary Lifting,360,20,0,402,0.402800,4728,4728,0,no
Basic BFS,370,1,0,412,0.002500,5,5,2,no
TwoWays BFS,370,1,0,412,2.484400,22506,22506,2,no
LCA,370,1,0,412,0.297700,3902,3902,2,no
Binary Lifting,370,1,0,412,0.413600,4838,4838,2,no
Basic BFS,370,5,0,412,0.030500,149,149,29,no
TwoWays BFS,370,5,0,412,2.458600,22506,22506,29,no
LCA,370,5,0,412,0.294900,3902,3902,29,no
Binary Lifting,370,5,0,412,0.411700,4838,4838,29,no
Basic BFS,370,10,0,412,0.083200,796,796,42,no
TwoWays BFS,370,10,0,412,2.444400,22506,22506,42,no
LCA,370,10,0,412,0.296700,3902,3902,42,no
Binary Lifting,370,10,0,412,0.410700,4838,4838,42,no
Basic BFS,370,20,0,412,0.125000,1108,1108,0,no
TwoWays BFS,370,20,0,412,2.610300,22506,22506,0,no
LCA,370,20,0,412,0.298600,3902,3902,0,no
Binary Lifting,370,20,0,412,0.417400,4838,4838,0,no
Basic BFS,380,1,0,422,0.002500,5,5,2,no
TwoWays BFS,380,1,0,422,2.279800,20449,20449,2,no
LCA,380,1,0,422,0.291600,3739,3739,2,no
Binary Lifting,380,1,0,422,0.422900,4962,4962,2,no
Basic BFS,380,5,0,422,0.031400,151,151,30,no
TwoWays BFS,380,5,0,422,2.278200,20449,20449,30,no
LCA,380,5,0,422,0.308000,3739,3739,30,no
Binary Lifting,380,5,0,422,0.421800,4962,4962,30,no
Basic BFS,380,10,0,422,0.094900,950,950,32,no
TwoWays BFS,380,10,0,422,2.283200,20449,20449,32,no
LCA,380,10,0,422,0.310800,3739,3739,32,no
Binary Lifting,380,10,0,422,0.429700,4962,4962,32,no
Basic BFS,380,20,0,422,0.135700,1138,1138,0,no
TwoWays BFS,380,20,0,422,2.319600,20449,20449,0,no
LCA,380,20,0,422,0.304500,3739,3739,0,no
Binary Lifting,380,20,0,422,0.432900,4962,4962,0,no
Basic BFS,390,1,0,432,0.003000,5,5,2,no
TwoWays BFS,390,1,0,432,3.620400,33393,33393,2,no
LCA,390,1,0,432,0.318600,4444,4444,2,no
Binary Lifting,390,1,0,432,0.478500,5147,5147,2,no
Basic BFS,390,5,0,432,0.027100,114,114,19,no
TwoWays BFS,390,5,0,432,3.554800,33393,33393,19,no
LCA,390,5,0,432,0.358200,4444,4444,19,no
Binary Lifting,390,5,0,432,0.442800,5147,5147,19,no
Basic BFS,390,10,0,432,0.071300,678,678,40,no
TwoWays BFS,390,10,0,432,3.518800,33393,33393,40,no
LCA,390,10,0,432,0.340100,4444,4444,40,no
Binary Lifting,390,10,0,432,0.447200,5147,5147,40,no
Basic BFS,390,20,0,432,0.123600,1168,1168,0,no
TwoWays BFS,390,20,0,432,3.506400,33393,33393,0,no
LCA,390,20,0,432,0.341100,4444,4444,0,no
Binary Lifting,390,20,0,432,0.459900,5147,5147,0,no
Basic BFS,400,1,0,442,0.002500,5,5,2,no
TwoWays BFS,400,1,0,442,2.815000,25738,25738,2,no
LCA,400,1,0,442,0.342800,4410,4410,2,no
Binary Lifting,400,1,0,442,0.456300,5253,5253,2,no
Basic BFS,400,5,0,442,0.024200,86,86,14,no
TwoWays BFS,400,5,0,442,2.836200,25738,25738,14,no
LCA,400,5,0,442,0.342100,4410,4410,14,no
Binary Lifting,400,5,0,442,0.452200,5253,5253,14,no
Basic BFS,400,10,0,442,0.083200,810,810,64,no
TwoWays BFS,400,10,0,442,2.819900,25738,25738,64,no
LCA,400,10,0,442,0.356700,4410,4410,64,no
Binary Lifting,400,10,0,442,0.460800,5253,5253,64,no
Basic BFS,400,20,0,442,0.109300,1198,1198,0,no
TwoWays BFS,400,20,0,442,3.026400,25738,25738,0,no
LCA,400,20,0,442,0.357600,4410,4410,0,no
Binary Lifting,400,20,0,442,0.448900,5253,5253,0,no
Basic BFS,410,1,0,452,0.002400,5,5,2,no
TwoWays BFS,410,1,0,452,2.959800,26848,26848,2,no
LCA,410,1,0,452,0.332400,4417,4417,2,no
Binary Lifting,410,1,0,452,0.469800,5373,5373,2,no
Basic BFS,410,5,0,452,0.025900,118,118,21,no
TwoWays BFS,410,5,0,452,3.274000,26848,26848,21,no
LCA,410,5,0,452,0.346600,4417,4417,21,no
Binary Lifting,410,5,0,452,0.458200,5373,5373,21,no
Basic BFS,410,10,0,452,0.084800,837,837,58,no
TwoWays BFS,410,10,0,452,2.936900,26848,26848,58,no
LCA,410,10,0,452,0.351700,4417,4417,58,no
Binary Lifting,410,10,0,452,0.468300,5373,5373,58,no
Basic BFS,410,20,0,452,0.129600,1228,1228,0,no
TwoWays BFS,410,20,0,452,3.041300,26848,26848,0,no
LCA,410,20,0,452,0.342900,4417,4417,0,no
Binary Lifting,410,20,0,452,0.461700,5373,5373,0,no
Basic BFS,420,1,0,462,0.002500,5,5,2,no
TwoWays BFS,420,1,0,462,2.995300,27924,27924,2,no
LCA,420,1,0,462,0.355300,4611,4611,2,no
Binary Lifting,420,1,0,462,0.473800,5540,5540,2,no
Basic BFS,420,5,0,462,0.026200,137,137,26,no
TwoWays BFS,420,5,0,462,3.047200,27924,27924,26,no
LCA,420,5,0,462,0.365800,4611,4611,26,no
Binary Lifting,420,5,0,462,0.478700,5540,5540,26,no
Basic BFS,420,10,0,462,0.078000,786,786,49,no
TwoWays BFS,420,10,0,462,3.402200,27924,27924,49,no
LCA,420,10,0,462,0.370600,4611,4611,49,no
Binary Lifting,420,10,0,462,0.478000,5540,5540,49,no
Basic BFS,420,20,0,462,0.119000,1258,1258,0,no
TwoWays BFS,420,20,0,462,3.004200,27924,27924,0,no
LCA,420,20,0,462,0.361000,4611,4611,0,no
Binary Lifting,420,20,0,462,0.474400,5540,5540,0,no
Basic BFS,430,1,0,472,0.002500,5,5,2,no
TwoWays BFS,430,1,0,472,2.953000,25071,25071,2,no
LCA,430,1,0,472,0.382200,4449,4449,2,no
Binary Lifting,430,1,0,472,0.511300,5609,5609,2,no
Basic BFS,430,5,0,472,0.015400,138,138,25,no
TwoWays BFS,430,5,0,472,2.781400,25071,25071,25,no
LCA,430,5,0,472,0.352600,4449,4449,25,no
Binary Lifting,430,5,0,472,0.485500,5609,5609,25,no
Basic BFS,430,10,0,472,0.090900,988,988,60,no
TwoWays BFS,430,10,0,472,2.770500,25071,25071,60,no
LCA,430,10,0,472,0.358000,4449,4449,60,no
Binary Lifting,430,10,0,472,0.487700,5609,5609,60,no
Basic BFS,430,20,0,472,0.127700,1288,1288,0,no
TwoWays BFS,430,20,0,472,3.059000,25071,25071,0,no
LCA,430,20,0,472,0.353400,4449,4449,0,no
Binary Lifting,430,20,0,472,0.480500,5609,5609,0,no
Basic BFS,440,1,0,482,0.002700,5,5,2,no
TwoWays BFS,440,1,0,482,2.984400,27075,27075,2,no
LCA,440,1,0,482,0.356800,4734,4734,2,no
Binary Lifting,440,1,0,482,0.496900,5752,5752,2,no
Basic BFS,440,5,0,482,0.018600,140,140,26,no
TwoWays BFS,440,5,0,482,3.101800,27075,27075,26,no
LCA,440,5,0,482,0.369300,4734,4734,26,no
Binary Lifting,440,5,0,482,0.493500,5752,5752,26,no
Basic BFS,440,10,0,482,0.111900,929,929,50,no
TwoWays BFS,440,10,0,482,3.154200,27075,27075,50,no
LCA,440,10,0,482,0.370900,4734,4734,50,no
Binary Lifting,440,10,0,482,0.497000,5752,5752,50,no
Basic BFS,440,20,0,482,0.108600,1318,1318,0,no
TwoWays BFS,440,20,0,482,2.965600,27075,27075,0,no
LCA,440,20,0,482,0.375000,4734,4734,0,no
Binary Lifting,440,20,0,482,0.535000,5752,5752,0,no
Basic BFS,450,1,0,492,0.002500,5,5,2,no
TwoWays BFS,450,1,0,492,3.367300,31329,31329,2,no
LCA,450,1,0,492,0.367200,4924,4924,2,no
Binary Lifting,450,1,0,492,0.508700,5912,5912,2,no
Basic BFS,450,5,0,492,0.030500,143,143,26,no
TwoWays BFS,450,5,0,492,3.446400,31329,31329,26,no
LCA,450,5,0,492,0.388800,4924,4924,26,no
Binary Lifting,450,5,0,492,0.518500,5912,5912,26,no
Basic BFS,450,10,0,492,0.101900,919,919,54,no
TwoWays BFS,450,10,0,492,3.668300,31329,31329,54,no
LCA,450,10,0,492,0.382900,4924,4924,54,no
Binary Lifting,450,10,0,492,0.505500,5912,5912,54,no
Basic BFS,450,20,0,492,0.119500,1348,1348,0,no
TwoWays BFS,450,20,0,492,3.560400,31329,31329,0,no
LCA,450,20,0,492,0.384000,4924,4924,0,no
Binary Lifting,450,20,0,492,0.509900,5912,5912,0,no
Basic BFS,460,1,0,502,0.002600,5,5,2,no
TwoWays BFS,460,1,0,502,3.039600,27862,27862,2,no
LCA,460,1,0,502,0.374900,4859,4859,2,no
Binary Lifting,460,1,0,502,0.524100,6025,6025,2,no
Basic BFS,460,5,0,502,0.031400,149,149,29,no
TwoWays BFS,460,5,0,502,3.042000,27862,27862,29,no
LCA,460,5,0,502,0.393300,4859,4859,29,no
Binary Lifting,460,5,0,502,0.523600,6025,6025,29,no
Basic BFS,460,10,0,502,0.103700,989,989,68,no
TwoWays BFS,460,10,0,502,3.249700,27862,27862,68,no
LCA,460,10,0,502,0.388600,4859,4859,68,no
Binary Lifting,460,10,0,502,0.520200,6025,6025,68,no
Basic BFS,460,20,0,502,0.140300,1378,1378,0,no
TwoWays BFS,460,20,0,502,3.046900,27862,27862,0,no
LCA,460,20,0,502,0.383000,4859,4859,0,no
Binary Lifting,460,20,0,502,0.519400,6025,6025,0,no
Basic BFS,470,1,0,512,0.002600,5,5,2,no
TwoWays BFS,470,1,0,512,3.281800,29702,29702,2,no
LCA,470,1,0,512,0.386100,5083,5083,2,no
Binary Lifting,470,1,0,512,0.535100,6174,6174,2,no
Basic BFS,470,5,0,512,0.032500,135,135,25,no
TwoWays BFS,470,5,0,512,3.285000,29702,29702,25,no
LCA,470,5,0,512,0.401500,5083,5083,25,no
Binary Lifting,470,5,0,512,0.533100,6174,6174,25,no
Basic BFS,470,10,0,512,0.094900,967,967,60,no
TwoWays BFS,470,10,0,512,3.547300,29702,29702,60,no
LCA,470,10,0,512,0.410300,5083,5083,60,no
Binary Lifting,470,10,0,512,0.532900,6174,6174,60,no
Basic BFS,470,20,0,512,0.141300,1408,1408,0,no
TwoWays BFS,470,20,0,512,3.263200,29702,29702,0,no
LCA,470,20,0,512,0.402400,5083,5083,0,no
Binary Lifting,470,20,0,512,0.534200,6174,6174,0,no
Basic BFS,480,1,0,522,0.003000,5,5,2,no
TwoWays BFS,480,1,0,522,3.716100,33640,33640,2,no
LCA,480,1,0,522,0.399500,5210,5210,2,no
Binary Lifting,480,1,0,522,0.562500,6308,6308,2,no
Basic BFS,480,5,0,522,0.030800,143,143,26,no
TwoWays BFS,480,5,0,522,3.648000,33640,33640,26,no
LCA,480,5,0,522,0.419300,5210,5210,26,no
Binary Lifting,480,5,0,522,0.549200,6308,6308,26,no
Basic BFS,480,10,0,522,0.095400,956,956,62,no
TwoWays BFS,480,10,0,522,3.866300,33640,33640,62,no
LCA,480,10,0,522,0.409800,5210,5210,62,no
Binary Lifting,480,10,0,522,0.548900,6308,6308,62,no
Basic BFS,480,20,0,522,0.127700,1438,1438,0,no
TwoWays BFS,480,20,0,522,3.672400,33640,33640,0,no
LCA,480,20,0,522,0.401400,5210,5210,0,no
Binary Lifting,480,20,0,522,0.547300,6308,6308,0,no
Basic BFS,490,1,0,532,0.002500,5,5,2,no
TwoWays BFS,490,1,0,532,3.716700,34402,34402,2,no
LCA,490,1,0,532,0.402000,5375,5375,2,no
Binary Lifting,490,1,0,532,0.561300,6460,6460,2,no
Basic BFS,490,5,0,532,0.030200,144,144,28,no
TwoWays BFS,490,5,0,532,3.751600,34402,34402,28,no
LCA,490,5,0,532,0.422800,5375,5375,28,no
Binary Lifting,490,5,0,532,0.570200,6460,6460,28,no
Basic BFS,490,10,0,532,0.097300,937,937,54,no
TwoWays BFS,490,10,0,532,3.739900,34402,34402,54,no
LCA,490,10,0,532,0.418200,5375,5375,54,no
Binary Lifting,490,10,0,532,0.562600,6460,6460,54,no
Basic BFS,490,20,0,532,0.166300,1468,1468,0,no
TwoWays BFS,490,20,0,532,3.711000,34402,34402,0,no
LCA,490,20,0,532,0.419300,5375,5375,0,no
Binary Lifting,490,20,0,532,0.566000,6460,6460,0,no
Basic BFS,500,1,0,542,0.002700,5,5,2,no
TwoWays BFS,500,1,0,542,3.098700,27586,27586,2,no
LCA,500,1,0,542,0.393300,5006,5006,2,no
Binary Lifting,500,1,0,542,0.564100,6511,6511,2,no
Basic BFS,500,5,0,542,0.022500,155,155,32,no
TwoWays BFS,500,5,0,542,3.245300,27586,27586,32,no
LCA,500,5,0,542,0.411300,5006,5006,32,no
Binary Lifting,500,5,0,542,0.566000,6511,6511,32,no
Basic BFS,500,10,0,542,0.121100,1238,1238,62,no
TwoWays BFS,500,10,0,542,3.284700,27586,27586,62,no
LCA,500,10,0,542,0.416500,5006,5006,62,no
Binary Lifting,500,10,0,542,0.559000,6511,6511,62,no
Basic BFS,500,20,0,542,0.151600,1498,1498,0,no
TwoWays BFS,500,20,0,542,3.066700,27586,27586,0,no
LCA,500,20,0,542,0.405900,5006,5006,0,no
Binary Lifting,500,20,0,542,0.561600,6511,6511,0,no
Basic BFS,510,1,0,552,0.002500,5,5,2,no
TwoWays BFS,510,1,0,552,3.509200,31159,31159,2,no
LCA,510,1,0,552,0.402900,5248,5248,2,no
Binary Lifting,510,1,0,552,0.795100,6651,6651,2,no
Basic BFS,510,5,0,552,0.032100,153,153,31,no
TwoWays BFS,510,5,0,552,3.783400,31159,31159,31,no
LCA,510,5,0,552,0.420000,5248,5248,31,no
Binary Lifting,510,5,0,552,0.566500,6651,6651,31,no
Basic BFS,510,10,0,552,0.112100,1181,1181,68,no
TwoWays BFS,510,10,0,552,3.562100,31159,31159,68,no
LCA,510,10,0,552,0.425500,5248,5248,68,no
Binary Lifting,510,10,0,552,0.591600,6651,6651,68,no
Basic BFS,510,20,0,552,0.159300,1528,1528,0,no
TwoWays BFS,510,20,0,552,3.554400,31159,31159,0,no
LCA,510,20,0,552,0.414200,5248,5248,0,no
Binary Lifting,510,20,0,552,0.568200,6651,6651,0,no
Basic BFS,520,1,0,562,0.002700,5,5,2,no
TwoWays BFS,520,1,0,562,4.839600,45626,45626,2,no
LCA,520,1,0,562,0.441600,5971,5971,2,no
Binary Lifting,520,1,0,562,0.621500,7389,7389,2,no
Basic BFS,520,5,0,562,0.031500,151,151,30,no
TwoWays BFS,520,5,0,562,4.837600,45626,45626,30,no
LCA,520,5,0,562,0.458700,5971,5971,30,no
Binary Lifting,520,5,0,562,0.623000,7389,7389,30,no
Basic BFS,520,10,0,562,0.105800,893,893,53,no
TwoWays BFS,520,10,0,562,4.832000,45626,45626,53,no
LCA,520,10,0,562,0.462500,5971,5971,53,no
Binary Lifting,520,10,0,562,0.627600,7389,7389,53,no
Basic BFS,520,20,0,562,0.158800,1558,1558,0,no
TwoWays BFS,520,20,0,562,4.882000,45626,45626,0,no
LCA,520,20,0,562,0.480900,5971,5971,0,no
Binary Lifting,520,20,0,562,0.628200,7389,7389,0,no
Basic BFS,530,1,0,572,0.002800,5,5,2,no
TwoWays BFS,530,1,0,572,5.393000,50505,50505,2,no
LCA,530,1,0,572,0.494000,6522,6522,2,no
Binary Lifting,530,1,0,572,0.642200,7582,7582,2,no
Basic BFS,530,5,0,572,0.025000,98,98,14,no
TwoWays BFS,530,5,0,572,5.406500,50505,50505,14,no
LCA,530,5,0,572,0.496900,6522,6522,14,no
Binary Lifting,530,5,0,572,0.648000,7582,7582,14,no
Basic BFS,530,10,0,572,0.082600,757,757,63,no
TwoWays BFS,530,10,0,572,5.360700,50505,50505,63,no
LCA,530,10,0,572,0.499300,6522,6522,63,no
Binary Lifting,530,10,0,572,0.647500,7582,7582,63,no
Basic BFS,530,20,0,572,0.145200,1588,1588,0,no
TwoWays BFS,530,20,0,572,5.568300,50505,50505,0,no
LCA,530,20,0,572,0.489000,6522,6522,0,no
Binary Lifting,530,20,0,572,0.648500,7582,7582,0,no
Basic BFS,540,1,0,582,0.002600,5,5,2,no
TwoWays BFS,540,1,0,582,3.803900,34120,34120,2,no
LCA,540,1,0,582,0.447400,5774,5774,2,no
Binary Lifting,540,1,0,582,0.664100,7612,7612,2,no
Basic BFS,540,5,0,582,0.030400,145,145,27,no
TwoWays BFS,540,5,0,582,3.803800,34120,34120,27,no
LCA,540,5,0,582,0.464400,5774,5774,27,no
Binary Lifting,540,5,0,582,0.646200,7612,7612,27,no
Basic BFS,540,10,0,582,0.115600,1152,1152,76,no
TwoWays BFS,540,10,0,582,3.792200,34120,34120,76,no
LCA,540,10,0,582,0.481900,5774,5774,76,no
Binary Lifting,540,10,0,582,0.655800,7612,7612,76,no
Basic BFS,540,20,0,582,0.204800,1618,1618,0,no
TwoWays BFS,540,20,0,582,3.916200,34120,34120,0,no
LCA,540,20,0,582,0.486600,5774,5774,0,no
Binary Lifting,540,20,0,582,0.643100,7612,7612,0,no
Basic BFS,550,1,0,592,0.002500,5,5,2,no
TwoWays BFS,550,1,0,592,4.684400,43535,43535,2,no
LCA,550,1,0,592,0.474500,6388,6388,2,no
Binary Lifting,550,1,0,592,0.673600,7813,7813,2,no
Basic BFS,550,5,0,592,0.024200,113,113,20,no
TwoWays BFS,550,5,0,592,4.714400,43535,43535,20,no
LCA,550,5,0,592,0.493600,6388,6388,20,no
Binary Lifting,550,5,0,592,0.665600,7813,7813,20,no
Basic BFS,550,10,0,592,0.111700,941,941,77,no
TwoWays BFS,550,10,0,592,5.011400,43535,43535,77,no
LCA,550,10,0,592,0.493800,6388,6388,77,no
Binary Lifting,550,10,0,592,0.657000,7813,7813,77,no
Basic BFS,550,20,0,592,0.151100,1648,1648,0,no
TwoWays BFS,550,20,0,592,4.623500,43535,43535,0,no
LCA,550,20,0,592,0.485500,6388,6388,0,no
Binary Lifting,550,20,0,592,0.671400,7813,7813,0,no
Basic BFS,560,1,0,602,0.002600,5,5,2,no
TwoWays BFS,560,1,0,602,4.308900,39264,39264,2,no
LCA,560,1,0,602,0.463800,6180,6180,2,no
Binary Lifting,560,1,0,602,0.680000,7917,7917,2,no
Basic BFS,560,5,0,602,0.024600,122,122,23,no
TwoWays BFS,560,5,0,602,4.279700,39264,39264,23,no
LCA,560,5,0,602,0.480000,6180,6180,23,no
Binary Lifting,560,5,0,602,0.676000,7917,7917,23,no
Basic BFS,560,10,0,602,0.112700,1103,1103,80,no
TwoWays BFS,560,10,0,602,4.291400,39264,39264,80,no
LCA,560,10,0,602,0.507700,6180,6180,80,no
Binary Lifting,560,10,0,602,0.680200,7917,7917,80,no
Basic BFS,560,20,0,602,0.176000,1678,1678,0,no
TwoWays BFS,560,20,0,602,4.378300,39264,39264,0,no
LCA,560,20,0,602,0.476400,6180,6180,0,no
Binary Lifting,560,20,0,602,0.704300,7917,7917,0,no
Basic BFS,570,1,0,612,0.002500,5,5,2,no
TwoWays BFS,570,1,0,612,4.817100,44427,44427,2,no
LCA,570,1,0,612,0.482400,6427,6427,2,no
Binary Lifting,570,1,0,612,0.689700,8099,8099,2,no
Basic BFS,570,5,0,612,0.029100,134,134,26,no
TwoWays BFS,570,5,0,612,4.787000,44427,44427,26,no
LCA,570,5,0,612,0.497500,6427,6427,26,no
Binary Lifting,570,5,0,612,0.678300,8099,8099,26,no
Basic BFS,570,10,0,612,0.109300,1055,1055,74,no
TwoWays BFS,570,10,0,612,4.775500,44427,44427,74,no
LCA,570,10,0,612,0.502000,6427,6427,74,no
Binary Lifting,570,10,0,612,0.684600,8099,8099,74,no
Basic BFS,570,20,0,612,0.174000,1708,1708,0,no
TwoWays BFS,570,20,0,612,5.075600,44427,44427,0,no
LCA,570,20,0,612,0.500500,6427,6427,0,no
Binary Lifting,570,20,0,612,0.679800,8099,8099,0,no
Basic BFS,580,1,0,622,0.002600,5,5,2,no
TwoWays BFS,580,1,0,622,5.531000,51822,51822,2,no
LCA,580,1,0,622,0.505500,6611,6611,2,no
Binary Lifting,580,1,0,622,0.714800,8235,8235,2,no
Basic BFS,580,5,0,622,0.029300,142,142,27,no
TwoWays BFS,580,5,0,622,5.526800,51822,51822,27,no
LCA,580,5,0,622,0.544300,6611,6611,27,no
Binary Lifting,580,5,0,622,0.708100,8235,8235,27,no
Basic BFS,580,10,0,622,0.143200,1095,1095,61,no
TwoWays BFS,580,10,0,622,5.879500,51822,51822,61,no
LCA,580,10,0,622,0.532200,6611,6611,61,no
Binary Lifting,580,10,0,622,0.710200,8235,8235,61,no
Basic BFS,580,20,0,622,0.159500,1738,1738,0,no
TwoWays BFS,580,20,0,622,5.507800,51822,51822,0,no
LCA,580,20,0,622,0.533200,6611,6611,0,no
Binary Lifting,580,20,0,622,0.697800,8235,8235,0,no
Basic BFS,590,1,0,632,0.002700,5,5,2,no
TwoWays BFS,590,1,0,632,4.053500,36559,36559,2,no
LCA,590,1,0,632,0.476100,6205,6205,2,no
Binary Lifting,590,1,0,632,0.705100,8306,8306,2,no
Basic BFS,590,5,0,632,0.028000,149,149,29,no
TwoWays BFS,590,5,0,632,4.442000,36559,36559,29,no
LCA,590,5,0,632,0.492800,6205,6205,29,no
Binary Lifting,590,5,0,632,0.706200,8306,8306,29,no
Basic BFS,590,10,0,632,0.130200,1327,1327,90,no
TwoWays BFS,590,10,0,632,4.070400,36559,36559,90,no
LCA,590,10,0,632,0.527100,6205,6205,90,no
Binary Lifting,590,10,0,632,0.706400,8306,8306,90,no
Basic BFS,590,20,0,632,0.157900,1768,1768,0,no
TwoWays BFS,590,20,0,632,4.060000,36559,36559,0,no
LCA,590,20,0,632,0.487000,6205,6205,0,no
Binary Lifting,590,20,0,632,0.694000,8306,8306,0,no
Basic BFS,600,1,0,642,0.002600,5,5,2,no
TwoWays BFS,600,1,0,642,5.488200,51076,51076,2,no
LCA,600,1,0,642,0.524800,7133,7133,2,no
Binary Lifting,600,1,0,642,0.747200,8568,8568,2,no
Basic BFS,600,5,0,642,0.026600,139,139,24,no
TwoWays BFS,600,5,0,642,5.750000,51076,51076,24,no
LCA,600,5,0,642,0.556200,7133,7133,24,no
Binary Lifting,600,5,0,642,0.738100,8568,8568,24,no
Basic BFS,600,10,0,642,0.106700,929,929,83,no
TwoWays BFS,600,10,0,642,5.799500,51076,51076,83,no
LCA,600,10,0,642,0.546500,7133,7133,83,no
Binary Lifting,600,10,0,642,0.745600,8568,8568,83,no
Basic BFS,600,20,0,642,0.155700,1798,1798,0,no
TwoWays BFS,600,20,0,642,5.489600,51076,51076,0,no
LCA,600,20,0,642,0.554500,7133,7133,0,no
Binary Lifting,600,20,0,642,0.727100,8568,8568,0,no
Basic BFS,610,1,0,652,0.002600,5,5,2,no
TwoWays BFS,610,1,0,652,5.574400,51860,51860,2,no
LCA,610,1,0,652,0.545300,7355,7355,2,no
Binary Lifting,610,1,0,652,0.743000,8696,8696,2,no
Basic BFS,610,5,0,652,0.030200,121,121,21,no
TwoWays BFS,610,5,0,652,5.565800,51860,51860,21,no
LCA,610,5,0,652,0.579800,7355,7355,21,no
Binary Lifting,610,5,0,652,0.740200,8696,8696,21,no
Basic BFS,610,10,0,652,0.111500,898,898,84,no
TwoWays BFS,610,10,0,652,5.831600,51860,51860,84,no
LCA,610,10,0,652,0.577800,7355,7355,84,no
Binary Lifting,610,10,0,652,0.748200,8696,8696,84,no
Basic BFS,610,20,0,652,0.179600,1828,1828,0,no
TwoWays BFS,610,20,0,652,5.540500,51860,51860,0,no
LCA,610,20,0,652,0.570200,7355,7355,0,no
Binary Lifting,610,20,0,652,0.748100,8696,8696,0,no
Basic BFS,620,1,0,662,0.002500,5,5,2,no
TwoWays BFS,620,1,0,662,4.783700,42787,42787,2,no
LCA,620,1,0,662,0.536500,7061,7061,2,no
Binary Lifting,620,1,0,662,0.749000,8787,8787,2,no
Basic BFS,620,5,0,662,0.028200,117,117,22,no
TwoWays BFS,620,5,0,662,4.725700,42787,42787,22,no
LCA,620,5,0,662,0.549400,7061,7061,22,no
Binary Lifting,620,5,0,662,0.740700,8787,8787,22,no
Basic BFS,620,10,0,662,0.131100,1146,1146,100,no
TwoWays BFS,620,10,0,662,4.866300,42787,42787,100,no
LCA,620,10,0,662,0.600700,7061,7061,100,no
Binary Lifting,620,10,0,662,0.757100,8787,8787,100,no
Basic BFS,620,20,0,662,0.166700,1858,1858,0,no
TwoWays BFS,620,20,0,662,4.744600,42787,42787,0,no
LCA,620,20,0,662,0.551200,7061,7061,0,no
Binary Lifting,620,20,0,662,0.748800,8787,8787,0,no
Basic BFS,630,1,0,672,0.002800,5,5,2,no
TwoWays BFS,630,1,0,672,5.639600,51993,51993,2,no
LCA,630,1,0,672,0.540400,7289,7289,2,no
Binary Lifting,630,1,0,672,0.786300,8958,8958,2,no
Basic BFS,630,5,0,672,0.033800,144,144,28,no
TwoWays BFS,630,5,0,672,5.593400,51993,51993,28,no
LCA,630,5,0,672,0.560000,7289,7289,28,no
Binary Lifting,630,5,0,672,0.757800,8958,8958,28,no
Basic BFS,630,10,0,672,0.123700,1040,1040,89,no
TwoWays BFS,630,10,0,672,5.679900,51993,51993,89,no
LCA,630,10,0,672,0.564800,7289,7289,89,no
Binary Lifting,630,10,0,672,0.774700,8958,8958,89,no
Basic BFS,630,20,0,672,0.171300,1888,1888,0,no
TwoWays BFS,630,20,0,672,5.637400,51993,51993,0,no
LCA,630,20,0,672,0.584000,7289,7289,0,no
Binary Lifting,630,20,0,672,0.761100,8958,8958,0,no
Basic BFS,640,1,0,682,0.002600,5,5,2,no
TwoWays BFS,640,1,0,682,6.481300,59852,59852,2,no
LCA,640,1,0,682,0.558700,7594,7594,2,no
Binary Lifting,640,1,0,682,0.790400,9126,9126,2,no
Basic BFS,640,5,0,682,0.031300,143,143,26,no
TwoWays BFS,640,5,0,682,6.454600,59852,59852,26,no
LCA,640,5,0,682,0.576100,7594,7594,26,no
Binary Lifting,640,5,0,682,0.772800,9126,9126,26,no
Basic BFS,640,10,0,682,0.102300,999,999,79,no
TwoWays BFS,640,10,0,682,6.734500,59852,59852,79,no
LCA,640,10,0,682,0.593100,7594,7594,79,no
Binary Lifting,640,10,0,682,0.780700,9126,9126,79,no
Basic BFS,640,20,0,682,0.211000,1918,1918,0,no
TwoWays BFS,640,20,0,682,6.586100,59852,59852,0,no
LCA,640,20,0,682,0.575400,7594,7594,0,no
Binary Lifting,640,20,0,682,0.766700,9126,9126,0,no
Basic BFS,650,1,0,692,0.002700,5,5,2,no
TwoWays BFS,650,1,0,692,6.297900,59508,59508,2,no
LCA,650,1,0,692,0.580200,7780,7780,2,no
Binary Lifting,650,1,0,692,0.781300,9268,9268,2,no
Basic BFS,650,5,0,692,0.031500,142,142,27,no
TwoWays BFS,650,5,0,692,6.291200,59508,59508,27,no
LCA,650,5,0,692,0.594300,7780,7780,27,no
Binary Lifting,650,5,0,692,0.847700,9268,9268,27,no
Basic BFS,650,10,0,692,0.109400,986,986,80,no
TwoWays BFS,650,10,0,692,6.312100,59508,59508,80,no
LCA,650,10,0,692,0.572400,7780,7780,80,no
Binary Lifting,650,10,0,692,0.797600,9268,9268,80,no
Basic BFS,650,20,0,692,0.183300,1947,1947,1,no
TwoWays BFS,650,20,0,692,6.322200,59508,59508,1,no
LCA,650,20,0,692,0.602300,7780,7780,1,no
Binary Lifting,650,20,0,692,0.797000,9268,9268,1,no
Basic BFS,660,1,0,702,0.002500,5,5,2,no
TwoWays BFS,660,1,0,702,7.410300,69091,69091,2,no
LCA,660,1,0,702,0.590500,8054,8054,2,no
Binary Lifting,660,1,0,702,0.810500,9407,9407,2,no
Basic BFS,660,5,0,702,0.031600,141,141,28,no
TwoWays BFS,660,5,0,702,7.316200,69091,69091,28,no
LCA,660,5,0,702,0.622200,8054,8054,28,no
Binary Lifting,660,5,0,702,0.799100,9407,9407,28,no
Basic BFS,660,10,0,702,0.101400,1026,1026,64,no
TwoWays BFS,660,10,0,702,7.342100,69091,69091,64,no
LCA,660,10,0,702,0.617100,8054,8054,64,no
Binary Lifting,660,10,0,702,0.814800,9407,9407,64,no
Basic BFS,660,20,0,702,0.185200,1978,1978,0,no
TwoWays BFS,660,20,0,702,7.345000,69091,69091,0,no
LCA,660,20,0,702,0.615700,8054,8054,0,no
Binary Lifting,660,20,0,702,0.813700,9407,9407,0,no
Basic BFS,670,1,0,712,0.002600,5,5,2,no
TwoWays BFS,670,1,0,712,6.614700,61742,61742,2,no
LCA,670,1,0,712,0.580400,7830,7830,2,no
Binary Lifting,670,1,0,712,0.823200,9501,9501,2,no
Basic BFS,670,5,0,712,0.032000,149,149,29,no
TwoWays BFS,670,5,0,712,6.639800,61742,61742,29,no
LCA,670,5,0,712,0.600900,7830,7830,29,no
Binary Lifting,670,5,0,712,0.809800,9501,9501,29,no
Basic BFS,670,10,0,712,0.119900,1160,1160,80,no
TwoWays BFS,670,10,0,712,6.607900,61742,61742,80,no
LCA,670,10,0,712,0.605500,7830,7830,80,no
Binary Lifting,670,10,0,712,0.823900,9501,9501,80,no
Basic BFS,670,20,0,712,0.181200,2008,2008,0,no
TwoWays BFS,670,20,0,712,6.601500,61742,61742,0,no
LCA,670,20,0,712,0.595700,7830,7830,0,no
Binary Lifting,670,20,0,712,0.800600,9501,9501,0,no
Basic BFS,680,1,0,722,0.002700,5,5,2,no
TwoWays BFS,680,1,0,722,6.300100,58275,58275,2,no
LCA,680,1,0,722,0.589300,7820,7820,2,no
Binary Lifting,680,1,0,722,0.819400,9684,9684,2,no
Basic BFS,680,5,0,722,0.032400,145,145,27,no
TwoWays BFS,680,5,0,722,6.385900,58275,58275,27,no
LCA,680,5,0,722,0.631000,7820,7820,27,no
Binary Lifting,680,5,0,722,0.835000,9684,9684,27,no
Basic BFS,680,10,0,722,0.122900,1144,1144,90,no
TwoWays BFS,680,10,0,722,6.312700,58275,58275,90,no
LCA,680,10,0,722,0.660700,7820,7820,90,no
Binary Lifting,680,10,0,722,0.841000,9684,9684,90,no
Basic BFS,680,20,0,722,0.200700,2038,2038,0,no
TwoWays BFS,680,20,0,722,6.453200,58275,58275,0,no
LCA,680,20,0,722,0.627800,7820,7820,0,no
Binary Lifting,680,20,0,722,0.825700,9684,9684,0,no
Basic BFS,690,1,0,732,0.002500,5,5,2,no
TwoWays BFS,690,1,0,732,6.107900,56063,56063,2,no
LCA,690,1,0,732,0.622100,8053,8053,2,no
Binary Lifting,690,1,0,732,0.841300,9815,9815,2,no
Basic BFS,690,5,0,732,0.024500,127,127,24,no
TwoWays BFS,690,5,0,732,6.436300,56063,56063,24,no
LCA,690,5,0,732,0.626000,8053,8053,24,no
Binary Lifting,690,5,0,732,0.845000,9815,9815,24,no
Basic BFS,690,10,0,732,0.119900,1158,1158,94,no
TwoWays BFS,690,10,0,732,6.131800,56063,56063,94,no
LCA,690,10,0,732,0.630300,8053,8053,94,no
Binary Lifting,690,10,0,732,0.891200,9815,9815,94,no
Basic BFS,690,20,0,732,0.185800,2068,2068,0,no
TwoWays BFS,690,20,0,732,6.101400,56063,56063,0,no
LCA,690,20,0,732,0.623300,8053,8053,0,no
Binary Lifting,690,20,0,732,0.895600,9815,9815,0,no
Basic BFS,700,1,0,742,0.002800,5,5,2,no
TwoWays BFS,700,1,0,742,5.516900,49807,49807,2,no
LCA,700,1,0,742,0.599600,7805,7805,2,no
Binary Lifting,700,1,0,742,0.850200,9904,9904,2,no
Basic BFS,700,5,0,742,0.032500,144,144,28,no
TwoWays BFS,700,5,0,742,5.541800,49807,49807,28,no
LCA,700,5,0,742,0.621800,7805,7805,28,no
Binary Lifting,700,5,0,742,0.839600,9904,9904,28,no
Basic BFS,700,10,0,742,0.135200,1355,1355,113,no
TwoWays BFS,700,10,0,742,5.700000,49807,49807,113,no
LCA,700,10,0,742,0.635300,7805,7805,113,no
Binary Lifting,700,10,0,742,0.904900,9904,9904,113,no
Basic BFS,700,20,0,742,0.196700,2098,2098,0,no
TwoWays BFS,700,20,0,742,5.502400,49807,49807,0,no
LCA,700,20,0,742,0.616200,7805,7805,0,no
Binary Lifting,700,20,0,742,0.833000,9904,9904,0,no
Basic BFS,710,1,0,752,0.002500,5,5,2,no
TwoWays BFS,710,1,0,752,6.316200,58428,58428,2,no
LCA,710,1,0,752,0.628700,8331,8331,2,no
Binary Lifting,710,1,0,752,0.871800,10090,10090,2,no
Basic BFS,710,5,0,752,0.031100,149,149,29,no
TwoWays BFS,710,5,0,752,6.300800,58428,58428,29,no
LCA,710,5,0,752,0.647500,8331,8331,29,no
Binary Lifting,710,5,0,752,0.867700,10090,10090,29,no
Basic BFS,710,10,0,752,0.144400,1169,1169,95,no
TwoWays BFS,710,10,0,752,6.477600,58428,58428,95,no
LCA,710,10,0,752,0.660300,8331,8331,95,no
Binary Lifting,710,10,0,752,0.867100,10090,10090,95,no
Basic BFS,710,20,0,752,0.230500,2128,2128,0,no
TwoWays BFS,710,20,0,752,6.836700,58428,58428,0,no
LCA,710,20,0,752,0.643500,8331,8331,0,no
Binary Lifting,710,20,0,752,0.899200,10090,10090,0,no
Basic BFS,720,1,0,762,0.002600,5,5,2,no
TwoWays BFS,720,1,0,762,5.551100,50422,50422,2,no
LCA,720,1,0,762,0.621700,7954,7954,2,no
Binary Lifting,720,1,0,762,0.882100,10168,10168,2,no
Basic BFS,720,5,0,762,0.024500,153,153,31,no
TwoWays BFS,720,5,0,762,5.684900,50422,50422,31,no
LCA,720,5,0,762,0.664200,7954,7954,31,no
Binary Lifting,720,5,0,762,0.868800,10168,10168,31,no
Basic BFS,720,10,0,762,0.144000,1427,1427,101,no
TwoWays BFS,720,10,0,762,5.540200,50422,50422,101,no
LCA,720,10,0,762,0.652400,7954,7954,101,no
Binary Lifting,720,10,0,762,0.921600,10168,10168,101,no
Basic BFS,720,20,0,762,0.187900,2158,2158,0,no
TwoWays BFS,720,20,0,762,5.583000,50422,50422,0,no
LCA,720,20,0,762,0.640900,7954,7954,0,no
Binary Lifting,720,20,0,762,0.873700,10168,10168,0,no
Basic BFS,730,1,0,772,0.002600,5,5,2,no
TwoWays BFS,730,1,0,772,6.480500,60214,60214,2,no
LCA,730,1,0,772,0.638200,8433,8433,2,no
Binary Lifting,730,1,0,772,0.896900,10381,10381,2,no
Basic BFS,730,5,0,772,0.027700,149,149,29,no
TwoWays BFS,730,5,0,772,6.809700,60214,60214,29,no
LCA,730,5,0,772,0.669600,8433,8433,29,no
Binary Lifting,730,5,0,772,0.990300,10381,10381,29,no
Basic BFS,730,10,0,772,0.134200,1270,1270,96,no
TwoWays BFS,730,10,0,772,6.500800,60214,60214,96,no
LCA,730,10,0,772,0.672700,8433,8433,96,no
Binary Lifting,730,10,0,772,0.926600,10381,10381,96,no
Basic BFS,730,20,0,772,0.195000,2188,2188,0,no
TwoWays BFS,730,20,0,772,6.496300,60214,60214,0,no
LCA,730,20,0,772,0.665100,8433,8433,0,no
Binary Lifting,730,20,0,772,0.878400,10381,10381,0,no
Basic BFS,740,1,0,782,0.002600,5,5,2,no
TwoWays BFS,740,1,0,782,7.671400,70506,70506,2,no
LCA,740,1,0,782,0.683100,9165,9165,2,no
Binary Lifting,740,1,0,782,0.960800,10616,10616,2,no
Basic BFS,740,5,0,782,0.021100,129,129,25,no
TwoWays BFS,740,5,0,782,7.635100,70506,70506,25,no
LCA,740,5,0,782,0.707000,9165,9165,25,no
Binary Lifting,740,5,0,782,0.901500,10616,10616,25,no
Basic BFS,740,10,0,782,0.107000,1000,1000,99,no
TwoWays BFS,740,10,0,782,7.764300,70506,70506,99,no
LCA,740,10,0,782,0.700500,9165,9165,99,no
Binary Lifting,740,10,0,782,0.947600,10616,10616,99,no
Basic BFS,740,20,0,782,0.197700,2218,2218,0,no
TwoWays BFS,740,20,0,782,7.596900,70506,70506,0,no
LCA,740,20,0,782,0.689800,9165,9165,0,no
Binary Lifting,740,20,0,782,0.903500,10616,10616,0,no
Basic BFS,750,1,0,792,0.002500,5,5,2,no
TwoWays BFS,750,1,0,792,7.437700,68347,68347,2,no
LCA,750,1,0,792,0.693100,8858,8858,2,no
Binary Lifting,750,1,0,792,0.916000,10691,10691,2,no
Basic BFS,750,5,0,792,0.030100,130,130,21,no
TwoWays BFS,750,5,0,792,7.422400,68347,68347,21,no
LCA,750,5,0,792,0.674400,8858,8858,21,no
Binary Lifting,750,5,0,792,0.904800,10691,10691,21,no
Basic BFS,750,10,0,792,0.132100,1204,1204,111,no
TwoWays BFS,750,10,0,792,7.425100,68347,68347,111,no
LCA,750,10,0,792,0.704300,8858,8858,111,no
Binary Lifting,750,10,0,792,0.910700,10691,10691,111,no
Basic BFS,750,20,0,792,0.204600,2248,2248,0,no
TwoWays BFS,750,20,0,792,7.418500,68347,68347,0,no
LCA,750,20,0,792,0.700600,8858,8858,0,no
Binary Lifting,750,20,0,792,0.936600,10691,10691,0,no
Basic BFS,760,1,0,802,0.002700,5,5,2,no
TwoWays BFS,760,1,0,802,7.888100,72488,72488,2,no
LCA,760,1,0,802,0.726500,9261,9261,2,no
Binary Lifting,760,1,0,802,0.930000,10828,10828,2,no
Basic BFS,760,5,0,802,0.030300,129,129,22,no
TwoWays BFS,760,5,0,802,7.842600,72488,72488,22,no
LCA,760,5,0,802,0.724100,9261,9261,22,no
Binary Lifting,760,5,0,802,0.969100,10828,10828,22,no
Basic BFS,760,10,0,802,0.123100,1151,1151,98,no
TwoWays BFS,760,10,0,802,7.817900,72488,72488,98,no
LCA,760,10,0,802,0.741600,9261,9261,98,no
Binary Lifting,760,10,0,802,0.945700,10828,10828,98,no
Basic BFS,760,20,0,802,0.206600,2278,2278,0,no
TwoWays BFS,760,20,0,802,7.792000,72488,72488,0,no
LCA,760,20,0,802,0.736500,9261,9261,0,no
Binary Lifting,760,20,0,802,0.967700,10828,10828,0,no
Basic BFS,770,1,0,812,0.002700,5,5,2,no
TwoWays BFS,770,1,0,812,8.358500,79098,79098,2,no
LCA,770,1,0,812,0.766900,9790,9790,2,no
Binary Lifting,770,1,0,812,0.981100,11030,11030,2,no
Basic BFS,770,5,0,812,0.024700,105,105,16,no
TwoWays BFS,770,5,0,812,8.360800,79098,79098,16,no
LCA,770,5,0,812,0.752200,9790,9790,16,no
Binary Lifting,770,5,0,812,0.977700,11030,11030,16,no
Basic BFS,770,10,0,812,0.109500,963,963,94,no
TwoWays BFS,770,10,0,812,8.327000,79098,79098,94,no
LCA,770,10,0,812,0.775100,9790,9790,94,no
Binary Lifting,770,10,0,812,0.977700,11030,11030,94,no
Basic BFS,770,20,0,812,0.317200,2308,2308,0,no
TwoWays BFS,770,20,0,812,8.566500,79098,79098,0,no
LCA,770,20,0,812,0.752800,9790,9790,0,no
Binary Lifting,770,20,0,812,0.977300,11030,11030,0,no
Basic BFS,780,1,0,822,0.002700,5,5,2,no
TwoWays BFS,780,1,0,822,13.446900,128172,128172,2,no
LCA,780,1,0,822,0.781800,10756,10756,2,no
Binary Lifting,780,1,0,822,0.993400,11190,11190,2,no
Basic BFS,780,5,0,822,0.031400,147,147,28,no
TwoWays BFS,780,5,0,822,13.517300,128172,128172,28,no
LCA,780,5,0,822,0.808900,10756,10756,28,no
Binary Lifting,780,5,0,822,0.999800,11190,11190,28,no
Basic BFS,780,10,0,822,0.100500,868,868,54,no
TwoWays BFS,780,10,0,822,13.476100,128172,128172,54,no
LCA,780,10,0,822,0.799100,10756,10756,54,no
Binary Lifting,780,10,0,822,0.977800,11190,11190,54,no
Basic BFS,780,20,0,822,0.210400,2327,2327,8,no
TwoWays BFS,780,20,0,822,13.427200,128172,128172,8,no
LCA,780,20,0,822,0.799700,10756,10756,8,no
Binary Lifting,780,20,0,822,0.985900,11190,11190,8,no
Basic BFS,790,1,0,832,0.003000,5,5,2,no
TwoWays BFS,790,1,0,832,8.693300,81605,81605,2,no
LCA,790,1,0,832,0.738000,9851,9851,2,no
Binary Lifting,790,1,0,832,0.974700,11306,11306,2,no
Basic BFS,790,5,0,832,0.025000,131,131,23,no
TwoWays BFS,790,5,0,832,9.157500,81605,81605,23,no
LCA,790,5,0,832,0.754800,9851,9851,23,no
Binary Lifting,790,5,0,832,0.978700,11306,11306,23,no
Basic BFS,790,10,0,832,0.121000,1130,1130,95,no
TwoWays BFS,790,10,0,832,8.659100,81605,81605,95,no
LCA,790,10,0,832,0.770900,9851,9851,95,no
Binary Lifting,790,10,0,832,0.982200,11306,11306,95,no
Basic BFS,790,20,0,832,0.213200,2368,2368,0,no
TwoWays BFS,790,20,0,832,8.667900,81605,81605,0,no
LCA,790,20,0,832,0.803300,9851,9851,0,no
Binary Lifting,790,20,0,832,0.984700,11306,11306,0,no
Basic BFS,800,1,0,842,0.002600,5,5,2,no
TwoWays BFS,800,1,0,842,7.034700,64556,64556,2,no
LCA,800,1,0,842,0.719400,9212,9212,2,no
Binary Lifting,800,1,0,842,1.007700,11381,11381,2,no
Basic BFS,800,5,0,842,0.034000,151,151,30,no
TwoWays BFS,800,5,0,842,7.257700,64556,64556,30,no
LCA,800,5,0,842,0.747400,9212,9212,30,no
Binary Lifting,800,5,0,842,1.005300,11381,11381,30,no
Basic BFS,800,10,0,842,0.138700,1370,1370,113,no
TwoWays BFS,800,10,0,842,7.006800,64556,64556,113,no
LCA,800,10,0,842,0.752500,9212,9212,113,no
Binary Lifting,800,10,0,842,1.002700,11381,11381,113,no
Basic BFS,800,20,0,842,0.250400,2398,2398,0,no
TwoWays BFS,800,20,0,842,7.187400,64556,64556,0,no
LCA,800,20,0,842,0.735800,9212,9212,0,no
Binary Lifting,800,20,0,842,1.009700,11381,11381,0,no
Basic BFS,810,1,0,852,0.002600,5,5,2,no
TwoWays BFS,810,1,0,852,7.961000,73864,73864,2,no
LCA,810,1,0,852,0.767200,9784,9784,2,no
Binary Lifting,810,1,0,852,1.006000,11561,11561,2,no
Basic BFS,810,5,0,852,0.031800,136,136,24,no
TwoWays BFS,810,5,0,852,7.906400,73864,73864,24,no
LCA,810,5,0,852,0.776600,9784,9784,24,no
Binary Lifting,810,5,0,852,1.003400,11561,11561,24,no
Basic BFS,810,10,0,852,0.179900,1202,1202,101,no
TwoWays BFS,810,10,0,852,8.132200,73864,73864,101,no
LCA,810,10,0,852,0.766100,9784,9784,101,no
Binary Lifting,810,10,0,852,0.999100,11561,11561,101,no
Basic BFS,810,20,0,852,0.212300,2428,2428,0,no
TwoWays BFS,810,20,0,852,7.900300,73864,73864,0,no
LCA,810,20,0,852,0.763600,9784,9784,0,no
Binary Lifting,810,20,0,852,1.009700,11561,11561,0,no
Basic BFS,820,1,0,862,0.003600,5,5,2,no
TwoWays BFS,820,1,0,862,6.910800,62893,62893,2,no
LCA,820,1,0,862,0.721100,9404,9404,2,no
Binary Lifting,820,1,0,862,1.019500,11637,11637,2,no
Basic BFS,820,5,0,862,0.031600,144,144,28,no
TwoWays BFS,820,5,0,862,6.978200,62893,62893,28,no
LCA,820,5,0,862,0.749100,9404,9404,28,no
Binary Lifting,820,5,0,862,1.035100,11637,11637,28,no
Basic BFS,820,10,0,862,0.147000,1464,1464,121,no
TwoWays BFS,820,10,0,862,7.154000,62893,62893,121,no
LCA,820,10,0,862,0.751100,9404,9404,121,no
Binary Lifting,820,10,0,862,1.029100,11637,11637,121,no
Basic BFS,820,20,0,862,0.203700,2458,2458,0,no
TwoWays BFS,820,20,0,862,6.967500,62893,62893,0,no
LCA,820,20,0,862,0.748900,9404,9404,0,no
Binary Lifting,820,20,0,862,1.020800,11637,11637,0,no
Basic BFS,830,1,0,872,0.002700,5,5,2,no
TwoWays BFS,830,1,0,872,7.949100,73250,73250,2,no
LCA,830,1,0,872,0.764200,9817,9817,2,no
Binary Lifting,830,1,0,872,1.021900,11807,11807,2,no
Basic BFS,830,5,0,872,0.018400,153,153,31,no
TwoWays BFS,830,5,0,872,8.161000,73250,73250,31,no
LCA,830,5,0,872,0.781100,9817,9817,31,no
Binary Lifting,830,5,0,872,1.025300,11807,11807,31,no
Basic BFS,830,10,0,872,0.158000,1369,1369,108,no
TwoWays BFS,830,10,0,872,8.073700,73250,73250,108,no
LCA,830,10,0,872,0.773000,9817,9817,108,no
Binary Lifting,830,10,0,872,1.033100,11807,11807,108,no
Basic BFS,830,20,0,872,0.233100,2486,2486,2,no
TwoWays BFS,830,20,0,872,7.925300,73250,73250,2,no
LCA,830,20,0,872,0.816600,9817,9817,2,no
Binary Lifting,830,20,0,872,15.594600,11807,11807,2,no
Basic BFS,840,1,0,882,0.002900,5,5,2,no
TwoWays BFS,840,1,0,882,7.988400,72472,72472,2,no
LCA,840,1,0,882,0.751400,9825,9825,2,no
Binary Lifting,840,1,0,882,1.041500,11952,11952,2,no
Basic BFS,840,5,0,882,0.031100,133,133,24,no
TwoWays BFS,840,5,0,882,8.012200,72472,72472,24,no
LCA,840,5,0,882,0.792400,9825,9825,24,no
Binary Lifting,840,5,0,882,1.042000,11952,11952,24,no
Basic BFS,840,10,0,882,0.139200,1399,1399,126,no
TwoWays BFS,840,10,0,882,8.043900,72472,72472,126,no
LCA,840,10,0,882,0.785800,9825,9825,126,no
Binary Lifting,840,10,0,882,1.043700,11952,11952,126,no
Basic BFS,840,20,0,882,0.246500,2518,2518,0,no
TwoWays BFS,840,20,0,882,8.007800,72472,72472,0,no
LCA,840,20,0,882,0.768300,9825,9825,0,no
Binary Lifting,840,20,0,882,1.038000,11952,11952,0,no
Basic BFS,850,1,0,892,0.002600,5,5,2,no
TwoWays BFS,850,1,0,892,9.291700,86465,86465,2,no
LCA,850,1,0,892,0.801800,10616,10616,2,no
Binary Lifting,850,1,0,892,1.108200,12141,12141,2,no
Basic BFS,850,5,0,892,0.030000,135,135,22,no
TwoWays BFS,850,5,0,892,9.308300,86465,86465,22,no
LCA,850,5,0,892,0.839800,10616,10616,22,no
Binary Lifting,850,5,0,892,1.060500,12141,12141,22,no
Basic BFS,850,10,0,892,0.125700,1163,1163,104,no
TwoWays BFS,850,10,0,892,9.231300,86465,86465,104,no
LCA,850,10,0,892,0.832500,10616,10616,104,no
Binary Lifting,850,10,0,892,1.076600,12141,12141,104,no
Basic BFS,850,20,0,892,0.228500,2548,2548,0,no
TwoWays BFS,850,20,0,892,9.345100,86465,86465,0,no
LCA,850,20,0,892,0.821800,10616,10616,0,no
Binary Lifting,850,20,0,892,1.073300,12141,12141,0,no
Basic BFS,860,1,0,902,0.002700,5,5,2,no
TwoWays BFS,860,1,0,902,7.988500,72377,72377,2,no
LCA,860,1,0,902,0.781800,10058,10058,2,no
Binary Lifting,860,1,0,902,1.067100,12246,12246,2,no
Basic BFS,860,5,0,902,0.028300,153,153,31,no
TwoWays BFS,860,5,0,902,8.218700,72377,72377,31,no
LCA,860,5,0,902,0.800500,10058,10058,31,no
Binary Lifting,860,5,0,902,1.081700,12246,12246,31,no
Basic BFS,860,10,0,902,0.206600,1390,1390,108,no
TwoWays BFS,860,10,0,902,8.177900,72377,72377,108,no
LCA,860,10,0,902,0.863200,10058,10058,108,no
Binary Lifting,860,10,0,902,1.080600,12246,12246,108,no
Basic BFS,860,20,0,902,0.261000,2578,2578,0,no
TwoWays BFS,860,20,0,902,8.043000,72377,72377,0,no
LCA,860,20,0,902,0.813600,10058,10058,0,no
Binary Lifting,860,20,0,902,1.075500,12246,12246,0,no
Basic BFS,870,1,0,912,0.002800,5,5,2,no
TwoWays BFS,870,1,0,912,8.432600,77325,77325,2,no
LCA,870,1,0,912,0.781600,10227,10227,2,no
Binary Lifting,870,1,0,912,1.090700,12403,12403,2,no
Basic BFS,870,5,0,912,0.021600,153,153,31,no
TwoWays BFS,870,5,0,912,8.746500,77325,77325,31,no
LCA,870,5,0,912,0.816400,10227,10227,31,no
Binary Lifting,870,5,0,912,1.084500,12403,12403,31,no
Basic BFS,870,10,0,912,0.141500,1431,1431,118,no
TwoWays BFS,870,10,0,912,8.382500,77325,77325,118,no
LCA,870,10,0,912,0.834200,10227,10227,118,no
Binary Lifting,870,10,0,912,1.091100,12403,12403,118,no
Basic BFS,870,20,0,912,0.274400,2608,2608,0,no
TwoWays BFS,870,20,0,912,8.628800,77325,77325,0,no
LCA,870,20,0,912,0.836000,10227,10227,0,no
Binary Lifting,870,20,0,912,1.116800,12403,12403,0,no
Basic BFS,880,1,0,922,0.003000,5,5,2,no
TwoWays BFS,880,1,0,922,7.974200,73130,73130,2,no
LCA,880,1,0,922,0.793100,10387,10387,2,no
Binary Lifting,880,1,0,922,1.103600,12525,12525,2,no
Basic BFS,880,5,0,922,0.027100,141,141,25,no
TwoWays BFS,880,5,0,922,8.329600,73130,73130,25,no
LCA,880,5,0,922,0.814100,10387,10387,25,no
Binary Lifting,880,5,0,922,1.087600,12525,12525,25,no
Basic BFS,880,10,0,922,0.145700,1426,1426,129,no
TwoWays BFS,880,10,0,922,8.055000,73130,73130,129,no
LCA,880,10,0,922,0.824800,10387,10387,129,no
Binary Lifting,880,10,0,922,1.105700,12525,12525,129,no
Basic BFS,880,20,0,922,0.249300,2638,2638,0,no
TwoWays BFS,880,20,0,922,7.989300,73130,73130,0,no
LCA,880,20,0,922,0.805300,10387,10387,0,no
Binary Lifting,880,20,0,922,1.084700,12525,12525,0,no
Basic BFS,890,1,0,932,0.003100,5,5,2,no
TwoWays BFS,890,1,0,932,8.543700,78109,78109,2,no
LCA,890,1,0,932,0.790700,10554,10554,2,no
Binary Lifting,890,1,0,932,1.156300,12689,12689,2,no
Basic BFS,890,5,0,932,0.029500,151,151,30,no
TwoWays BFS,890,5,0,932,8.502700,78109,78109,30,no
LCA,890,5,0,932,0.846600,10554,10554,30,no
Binary Lifting,890,5,0,932,1.125600,12689,12689,30,no
Basic BFS,890,10,0,932,0.136100,1441,1441,123,no
TwoWays BFS,890,10,0,932,8.707700,78109,78109,123,no
LCA,890,10,0,932,0.843300,10554,10554,123,no
Binary Lifting,890,10,0,932,1.116400,12689,12689,123,no
Basic BFS,890,20,0,932,0.231900,2668,2668,0,no
TwoWays BFS,890,20,0,932,8.497100,78109,78109,0,no
LCA,890,20,0,932,0.850900,10554,10554,0,no
Binary Lifting,890,20,0,932,1.120000,12689,12689,0,no
Basic BFS,900,1,0,942,0.002800,5,5,2,no
TwoWays BFS,900,1,0,942,9.095200,82937,82937,2,no
LCA,900,1,0,942,0.841800,10881,10881,2,no
Binary Lifting,900,1,0,942,1.121600,12842,12842,2,no
Basic BFS,900,5,0,942,0.031300,151,151,30,no
TwoWays BFS,900,5,0,942,9.064000,82937,82937,30,no
LCA,900,5,0,942,0.864300,10881,10881,30,no
Binary Lifting,900,5,0,942,1.127100,12842,12842,30,no
Basic BFS,900,10,0,942,0.160100,1343,1343,110,no
TwoWays BFS,900,10,0,942,9.115400,82937,82937,110,no
LCA,900,10,0,942,0.902500,10881,10881,110,no
Binary Lifting,900,10,0,942,1.163200,12842,12842,110,no
Basic BFS,900,20,0,942,0.236800,2698,2698,0,no
TwoWays BFS,900,20,0,942,9.022300,82937,82937,0,no
LCA,900,20,0,942,0.861000,10881,10881,0,no
Binary Lifting,900,20,0,942,1.121600,12842,12842,0,no
Basic BFS,910,1,0,952,0.002700,5,5,2,no
TwoWays BFS,910,1,0,952,8.151700,74829,74829,2,no
LCA,910,1,0,952,0.808100,10539,10539,2,no
Binary Lifting,910,1,0,952,1.128000,12950,12950,2,no
Basic BFS,910,5,0,952,0.025500,153,153,31,no
TwoWays BFS,910,5,0,952,8.313000,74829,74829,31,no
LCA,910,5,0,952,0.843000,10539,10539,31,no
Binary Lifting,910,5,0,952,1.125700,12950,12950,31,no
Basic BFS,910,10,0,952,0.152400,1555,1555,138,no
TwoWays BFS,910,10,0,952,8.135300,74829,74829,138,no
LCA,910,10,0,952,0.847600,10539,10539,138,no
Binary Lifting,910,10,0,952,1.140700,12950,12950,138,no
Basic BFS,910,20,0,952,0.235100,2728,2728,0,no
TwoWays BFS,910,20,0,952,8.301800,74829,74829,0,no
LCA,910,20,0,952,0.846500,10539,10539,0,no
Binary Lifting,910,20,0,952,1.145200,12950,12950,0,no
Basic BFS,920,1,0,962,0.002600,5,5,2,no
TwoWays BFS,920,1,0,962,10.142100,92916,92916,2,no
LCA,920,1,0,962,0.851700,11300,11300,2,no
Binary Lifting,920,1,0,962,1.149700,13135,13135,2,no
Basic BFS,920,5,0,962,0.031900,141,141,28,no
TwoWays BFS,920,5,0,962,10.045500,92916,92916,28,no
LCA,920,5,0,962,0.872100,11300,11300,28,no
Binary Lifting,920,5,0,962,1.144300,13135,13135,28,no
Basic BFS,920,10,0,962,0.137400,1361,1361,104,no
TwoWays BFS,920,10,0,962,10.057600,92916,92916,104,no
LCA,920,10,0,962,0.875700,11300,11300,104,no
Binary Lifting,920,10,0,962,1.143300,13135,13135,104,no
Basic BFS,920,20,0,962,0.285100,2758,2758,0,no
TwoWays BFS,920,20,0,962,10.330000,92916,92916,0,no
LCA,920,20,0,962,0.866900,11300,11300,0,no
Binary Lifting,920,20,0,962,1.138100,13135,13135,0,no
Basic BFS,930,1,0,972,0.003300,5,5,2,no
TwoWays BFS,930,1,0,972,11.643000,108655,108655,2,no
LCA,930,1,0,972,0.914000,12176,12176,2,no
Binary Lifting,930,1,0,972,1.203500,13322,13322,2,no
Basic BFS,930,5,0,972,0.021200,137,137,26,no
TwoWays BFS,930,5,0,972,11.997500,108655,108655,26,no
LCA,930,5,0,972,0.934600,12176,12176,26,no
Binary Lifting,930,5,0,972,1.186800,13322,13322,26,no
Basic BFS,930,10,0,972,0.129900,1147,1147,99,no
TwoWays BFS,930,10,0,972,11.761500,108655,108655,99,no
LCA,930,10,0,972,0.936700,12176,12176,99,no
Binary Lifting,930,10,0,972,1.180500,13322,13322,99,no
Basic BFS,930,20,0,972,0.248000,2744,2744,11,no
TwoWays BFS,930,20,0,972,11.576400,108655,108655,11,no
LCA,930,20,0,972,0.938600,12176,12176,11,no
Binary Lifting,930,20,0,972,1.175000,13322,13322,11,no
Basic BFS,940,1,0,982,0.002600,5,5,2,no
TwoWays BFS,940,1,0,982,8.473900,77843,77843,2,no
LCA,940,1,0,982,0.864300,11054,11054,2,no
Binary Lifting,940,1,0,982,1.178900,13382,13382,2,no
Basic BFS,940,5,0,982,0.026700,142,142,27,no
TwoWays BFS,940,5,0,982,8.645900,77843,77843,27,no
LCA,940,5,0,982,0.913200,11054,11054,27,no
Binary Lifting,940,5,0,982,1.173300,13382,13382,27,no
Basic BFS,940,10,0,982,0.167700,1556,1556,140,no
TwoWays BFS,940,10,0,982,8.567400,77843,77843,140,no
LCA,940,10,0,982,0.936400,11054,11054,140,no
Binary Lifting,940,10,0,982,1.180200,13382,13382,140,no
Basic BFS,940,20,0,982,0.248700,2818,2818,0,no
TwoWays BFS,940,20,0,982,8.449800,77843,77843,0,no
LCA,940,20,0,982,0.892100,11054,11054,0,no
Binary Lifting,940,20,0,982,1.202300,13382,13382,0,no
Basic BFS,950,1,0,992,0.002700,5,5,2,no
TwoWays BFS,950,1,0,992,12.921600,120493,120493,2,no
LCA,950,1,0,992,0.924500,12279,12279,2,no
Binary Lifting,950,1,0,992,1.193800,13558,13558,2,no
Basic BFS,950,5,0,992,0.033500,149,149,29,no
TwoWays BFS,950,5,0,992,12.898600,120493,120493,29,no
LCA,950,5,0,992,0.952800,12279,12279,29,no
Binary Lifting,950,5,0,992,1.188400,13558,13558,29,no
Basic BFS,950,10,0,992,0.146100,1243,1243,99,no
TwoWays BFS,950,10,0,992,13.149900,120493,120493,99,no
LCA,950,10,0,992,0.959400,12279,12279,99,no
Binary Lifting,950,10,0,992,1.189700,13558,13558,99,no
Basic BFS,950,20,0,992,0.305800,2841,2841,4,no
TwoWays BFS,950,20,0,992,13.010800,120493,120493,4,no
LCA,950,20,0,992,0.930200,12279,12279,4,no
Binary Lifting,950,20,0,992,1.238900,13558,13558,4,no
Basic BFS,960,1,0,1002,0.002600,5,5,2,no
TwoWays BFS,960,1,0,1002,9.746300,89470,89470,2,no
LCA,960,1,0,1002,0.892600,11762,11762,2,no
Binary Lifting,960,1,0,1002,1.202800,13693,13693,2,no
Basic BFS,960,5,0,1002,0.027600,151,151,30,no
TwoWays BFS,960,5,0,1002,9.949200,89470,89470,30,no
LCA,960,5,0,1002,0.939600,11762,11762,30,no
Binary Lifting,960,5,0,1002,1.199600,13693,13693,30,no
Basic BFS,960,10,0,1002,0.143100,1425,1425,121,no
TwoWays BFS,960,10,0,1002,9.901100,89470,89470,121,no
LCA,960,10,0,1002,0.921000,11762,11762,121,no
Binary Lifting,960,10,0,1002,1.216100,13693,13693,121,no
Basic BFS,960,20,0,1002,0.251300,2878,2878,0,no
TwoWays BFS,960,20,0,1002,9.676800,89470,89470,0,no
LCA,960,20,0,1002,0.918500,11762,11762,0,no
Binary Lifting,960,20,0,1002,1.202800,13693,13693,0,no
Basic BFS,970,1,0,1012,0.002800,5,5,2,no
TwoWays BFS,970,1,0,1012,8.238600,73906,73906,2,no
LCA,970,1,0,1012,0.852000,10990,10990,2,no
Binary Lifting,970,1,0,1012,1.235400,13756,13756,2,no
Basic BFS,970,5,0,1012,0.030800,153,153,31,no
TwoWays BFS,970,5,0,1012,8.233400,73906,73906,31,no
LCA,970,5,0,1012,0.882700,10990,10990,31,no
Binary Lifting,970,5,0,1012,1.207700,13756,13756,31,no
Basic BFS,970,10,0,1012,0.171300,1798,1798,153,no
TwoWays BFS,970,10,0,1012,8.176400,73906,73906,153,no
LCA,970,10,0,1012,0.880700,10990,10990,153,no
Binary Lifting,970,10,0,1012,1.203700,13756,13756,153,no
Basic BFS,970,20,0,1012,0.286600,2908,2908,0,no
TwoWays BFS,970,20,0,1012,8.351300,73906,73906,0,no
LCA,970,20,0,1012,0.846900,10990,10990,0,no
Binary Lifting,970,20,0,1012,1.227500,13756,13756,0,no
Basic BFS,980,1,0,1022,0.002700,5,5,2,no
TwoWays BFS,980,1,0,1022,9.677100,87530,87530,2,no
LCA,980,1,0,1022,0.885400,11618,11618,2,no
Binary Lifting,980,1,0,1022,1.215600,13923,13923,2,no
Basic BFS,980,5,0,1022,0.030800,153,153,31,no
TwoWays BFS,980,5,0,1022,9.581700,87530,87530,31,no
LCA,980,5,0,1022,0.939300,11618,11618,31,no
Binary Lifting,980,5,0,1022,1.225900,13923,13923,31,no
Basic BFS,980,10,0,1022,0.161600,1664,1664,128,no
TwoWays BFS,980,10,0,1022,9.607600,87530,87530,128,no
LCA,980,10,0,1022,0.976700,11618,11618,128,no
Binary Lifting,980,10,0,1022,15.640500,13923,13923,128,no
Basic BFS,980,20,0,1022,0.264800,2938,2938,0,no
TwoWays BFS,980,20,0,1022,9.528800,87530,87530,0,no
LCA,980,20,0,1022,0.944100,11618,11618,0,no
Binary Lifting,980,20,0,1022,1.219600,13923,13923,0,no
Basic BFS,990,1,0,1032,0.002900,5,5,2,no
TwoWays BFS,990,1,0,1032,11.445000,106589,106589,2,no
LCA,990,1,0,1032,0.937000,12609,12609,2,no
Binary Lifting,990,1,0,1032,1.235800,14168,14168,2,no
Basic BFS,990,5,0,1032,0.027900,145,145,27,no
TwoWays BFS,990,5,0,1032,11.721800,106589,106589,27,no
LCA,990,5,0,1032,0.997200,12609,12609,27,no
Binary Lifting,990,5,0,1032,1.228500,14168,14168,27,no
Basic BFS,990,10,0,1032,0.130600,1241,1241,122,no
TwoWays BFS,990,10,0,1032,11.503300,106589,106589,122,no
LCA,990,10,0,1032,0.988400,12609,12609,122,no
Binary Lifting,990,10,0,1032,1.281000,14168,14168,122,no
Basic BFS,990,20,0,1032,0.315300,2968,2968,0,no
TwoWays BFS,990,20,0,1032,11.527800,106589,106589,0,no
LCA,990,20,0,1032,0.966100,12609,12609,0,no
Binary Lifting,990,20,0,1032,1.233600,14168,14168,0,no
Basic BFS,1000,1,0,1042,0.002900,5,5,2,no
TwoWays BFS,1000,1,0,1042,11.985200,110515,110515,2,no
LCA,1000,1,0,1042,0.960900,12844,12844,2,no
Binary Lifting,1000,1,0,1042,1.255600,14345,14345,2,no
Basic BFS,1000,5,0,1042,0.029000,127,127,21,no
TwoWays BFS,1000,5,0,1042,11.916100,110515,110515,21,no
LCA,1000,5,0,1042,0.983200,12844,12844,21,no
Binary Lifting,1000,5,0,1042,1.259400,14345,14345,21,no
Basic BFS,1000,10,0,1042,0.125800,1250,1250,122,no
TwoWays BFS,1000,10,0,1042,11.939600,110515,110515,122,no
LCA,1000,10,0,1042,0.970800,12844,12844,122,no
Binary Lifting,1000,10,0,1042,1.268400,14345,14345,122,no
Basic BFS,1000,20,0,1042,0.284200,2992,2992,3,no
TwoWays BFS,1000,20,0,1042,12.235200,110515,110515,3,no
LCA,1000,20,0,1042,0.981200,12844,12844,3,no
Binary Lifting,1000,20,0,1042,1.225200,14345,14345,3,no
